--
-- PostgreSQL database dump
--

-- Dumped from database version 14.11 (Homebrew)
-- Dumped by pg_dump version 14.13 (Homebrew)

SET statement_timeout = 0;
SET lock_timeout = 0;
SET idle_in_transaction_session_timeout = 0;
SET client_encoding = 'UTF8';
SET standard_conforming_strings = on;
SELECT pg_catalog.set_config('search_path', '', false);
SET check_function_bodies = false;
SET xmloption = content;
SET client_min_messages = warning;
SET row_security = off;

SET default_tablespace = '';

SET default_table_access_method = heap;

--
-- Name: auth_group; Type: TABLE; Schema: public; Owner: postgres
--

CREATE TABLE public.auth_group (
    id integer NOT NULL,
    name character varying(150) NOT NULL
);


ALTER TABLE public.auth_group OWNER TO postgres;

--
-- Name: auth_group_id_seq; Type: SEQUENCE; Schema: public; Owner: postgres
--

ALTER TABLE public.auth_group ALTER COLUMN id ADD GENERATED BY DEFAULT AS IDENTITY (
    SEQUENCE NAME public.auth_group_id_seq
    START WITH 1
    INCREMENT BY 1
    NO MINVALUE
    NO MAXVALUE
    CACHE 1
);


--
-- Name: auth_group_permissions; Type: TABLE; Schema: public; Owner: postgres
--

CREATE TABLE public.auth_group_permissions (
    id bigint NOT NULL,
    group_id integer NOT NULL,
    permission_id integer NOT NULL
);


ALTER TABLE public.auth_group_permissions OWNER TO postgres;

--
-- Name: auth_group_permissions_id_seq; Type: SEQUENCE; Schema: public; Owner: postgres
--

ALTER TABLE public.auth_group_permissions ALTER COLUMN id ADD GENERATED BY DEFAULT AS IDENTITY (
    SEQUENCE NAME public.auth_group_permissions_id_seq
    START WITH 1
    INCREMENT BY 1
    NO MINVALUE
    NO MAXVALUE
    CACHE 1
);


--
-- Name: auth_permission; Type: TABLE; Schema: public; Owner: postgres
--

CREATE TABLE public.auth_permission (
    id integer NOT NULL,
    name character varying(255) NOT NULL,
    content_type_id integer NOT NULL,
    codename character varying(100) NOT NULL
);


ALTER TABLE public.auth_permission OWNER TO postgres;

--
-- Name: auth_permission_id_seq; Type: SEQUENCE; Schema: public; Owner: postgres
--

ALTER TABLE public.auth_permission ALTER COLUMN id ADD GENERATED BY DEFAULT AS IDENTITY (
    SEQUENCE NAME public.auth_permission_id_seq
    START WITH 1
    INCREMENT BY 1
    NO MINVALUE
    NO MAXVALUE
    CACHE 1
);


--
-- Name: auth_user; Type: TABLE; Schema: public; Owner: postgres
--

CREATE TABLE public.auth_user (
    id integer NOT NULL,
    password character varying(128) NOT NULL,
    last_login timestamp with time zone,
    is_superuser boolean NOT NULL,
    username character varying(150) NOT NULL,
    first_name character varying(150) NOT NULL,
    last_name character varying(150) NOT NULL,
    email character varying(254) NOT NULL,
    is_staff boolean NOT NULL,
    is_active boolean NOT NULL,
    date_joined timestamp with time zone NOT NULL
);


ALTER TABLE public.auth_user OWNER TO postgres;

--
-- Name: auth_user_groups; Type: TABLE; Schema: public; Owner: postgres
--

CREATE TABLE public.auth_user_groups (
    id bigint NOT NULL,
    user_id integer NOT NULL,
    group_id integer NOT NULL
);


ALTER TABLE public.auth_user_groups OWNER TO postgres;

--
-- Name: auth_user_groups_id_seq; Type: SEQUENCE; Schema: public; Owner: postgres
--

ALTER TABLE public.auth_user_groups ALTER COLUMN id ADD GENERATED BY DEFAULT AS IDENTITY (
    SEQUENCE NAME public.auth_user_groups_id_seq
    START WITH 1
    INCREMENT BY 1
    NO MINVALUE
    NO MAXVALUE
    CACHE 1
);


--
-- Name: auth_user_id_seq; Type: SEQUENCE; Schema: public; Owner: postgres
--

ALTER TABLE public.auth_user ALTER COLUMN id ADD GENERATED BY DEFAULT AS IDENTITY (
    SEQUENCE NAME public.auth_user_id_seq
    START WITH 1
    INCREMENT BY 1
    NO MINVALUE
    NO MAXVALUE
    CACHE 1
);


--
-- Name: auth_user_user_permissions; Type: TABLE; Schema: public; Owner: postgres
--

CREATE TABLE public.auth_user_user_permissions (
    id bigint NOT NULL,
    user_id integer NOT NULL,
    permission_id integer NOT NULL
);


ALTER TABLE public.auth_user_user_permissions OWNER TO postgres;

--
-- Name: auth_user_user_permissions_id_seq; Type: SEQUENCE; Schema: public; Owner: postgres
--

ALTER TABLE public.auth_user_user_permissions ALTER COLUMN id ADD GENERATED BY DEFAULT AS IDENTITY (
    SEQUENCE NAME public.auth_user_user_permissions_id_seq
    START WITH 1
    INCREMENT BY 1
    NO MINVALUE
    NO MAXVALUE
    CACHE 1
);


--
-- Name: django_admin_log; Type: TABLE; Schema: public; Owner: postgres
--

CREATE TABLE public.django_admin_log (
    id integer NOT NULL,
    action_time timestamp with time zone NOT NULL,
    object_id text,
    object_repr character varying(200) NOT NULL,
    action_flag smallint NOT NULL,
    change_message text NOT NULL,
    content_type_id integer,
    user_id integer NOT NULL,
    CONSTRAINT django_admin_log_action_flag_check CHECK ((action_flag >= 0))
);


ALTER TABLE public.django_admin_log OWNER TO postgres;

--
-- Name: django_admin_log_id_seq; Type: SEQUENCE; Schema: public; Owner: postgres
--

ALTER TABLE public.django_admin_log ALTER COLUMN id ADD GENERATED BY DEFAULT AS IDENTITY (
    SEQUENCE NAME public.django_admin_log_id_seq
    START WITH 1
    INCREMENT BY 1
    NO MINVALUE
    NO MAXVALUE
    CACHE 1
);


--
-- Name: django_content_type; Type: TABLE; Schema: public; Owner: postgres
--

CREATE TABLE public.django_content_type (
    id integer NOT NULL,
    app_label character varying(100) NOT NULL,
    model character varying(100) NOT NULL
);


ALTER TABLE public.django_content_type OWNER TO postgres;

--
-- Name: django_content_type_id_seq; Type: SEQUENCE; Schema: public; Owner: postgres
--

ALTER TABLE public.django_content_type ALTER COLUMN id ADD GENERATED BY DEFAULT AS IDENTITY (
    SEQUENCE NAME public.django_content_type_id_seq
    START WITH 1
    INCREMENT BY 1
    NO MINVALUE
    NO MAXVALUE
    CACHE 1
);


--
-- Name: django_migrations; Type: TABLE; Schema: public; Owner: postgres
--

CREATE TABLE public.django_migrations (
    id bigint NOT NULL,
    app character varying(255) NOT NULL,
    name character varying(255) NOT NULL,
    applied timestamp with time zone NOT NULL
);


ALTER TABLE public.django_migrations OWNER TO postgres;

--
-- Name: django_migrations_id_seq; Type: SEQUENCE; Schema: public; Owner: postgres
--

ALTER TABLE public.django_migrations ALTER COLUMN id ADD GENERATED BY DEFAULT AS IDENTITY (
    SEQUENCE NAME public.django_migrations_id_seq
    START WITH 1
    INCREMENT BY 1
    NO MINVALUE
    NO MAXVALUE
    CACHE 1
);


--
-- Name: django_session; Type: TABLE; Schema: public; Owner: postgres
--

CREATE TABLE public.django_session (
    session_key character varying(40) NOT NULL,
    session_data text NOT NULL,
    expire_date timestamp with time zone NOT NULL
);


ALTER TABLE public.django_session OWNER TO postgres;

--
-- Name: view_backbone; Type: TABLE; Schema: public; Owner: postgres
--

CREATE TABLE public.view_backbone (
    id bigint NOT NULL,
    name character varying(100) NOT NULL,
    m_parameters double precision NOT NULL,
    family_id bigint NOT NULL,
    github character varying(200) NOT NULL,
    paper character varying(200) NOT NULL
);


ALTER TABLE public.view_backbone OWNER TO postgres;

--
-- Name: view_backbone_fps_measurements; Type: TABLE; Schema: public; Owner: postgres
--

CREATE TABLE public.view_backbone_fps_measurements (
    id bigint NOT NULL,
    backbone_id bigint NOT NULL,
    fpsmeasurement_id bigint NOT NULL
);


ALTER TABLE public.view_backbone_fps_measurements OWNER TO postgres;

--
-- Name: view_backbone_fps_measurements_id_seq; Type: SEQUENCE; Schema: public; Owner: postgres
--

ALTER TABLE public.view_backbone_fps_measurements ALTER COLUMN id ADD GENERATED BY DEFAULT AS IDENTITY (
    SEQUENCE NAME public.view_backbone_fps_measurements_id_seq
    START WITH 1
    INCREMENT BY 1
    NO MINVALUE
    NO MAXVALUE
    CACHE 1
);


--
-- Name: view_backbone_id_seq; Type: SEQUENCE; Schema: public; Owner: postgres
--

ALTER TABLE public.view_backbone ALTER COLUMN id ADD GENERATED BY DEFAULT AS IDENTITY (
    SEQUENCE NAME public.view_backbone_id_seq
    START WITH 1
    INCREMENT BY 1
    NO MINVALUE
    NO MAXVALUE
    CACHE 1
);


--
-- Name: view_backbonefamily; Type: TABLE; Schema: public; Owner: postgres
--

CREATE TABLE public.view_backbonefamily (
    id bigint NOT NULL,
    name character varying(100) NOT NULL,
    model_type character varying(100) NOT NULL,
    pub_date date NOT NULL,
    paper character varying(200) NOT NULL,
    github character varying(200) NOT NULL,
    pretrain_method character varying(100) NOT NULL,
    hierarchical boolean NOT NULL
);


ALTER TABLE public.view_backbonefamily OWNER TO postgres;

--
-- Name: view_backbonefamily_id_seq; Type: SEQUENCE; Schema: public; Owner: postgres
--

ALTER TABLE public.view_backbonefamily ALTER COLUMN id ADD GENERATED BY DEFAULT AS IDENTITY (
    SEQUENCE NAME public.view_backbonefamily_id_seq
    START WITH 1
    INCREMENT BY 1
    NO MINVALUE
    NO MAXVALUE
    CACHE 1
);


--
-- Name: view_classificationresult; Type: TABLE; Schema: public; Owner: postgres
--

CREATE TABLE public.view_classificationresult (
    id bigint NOT NULL,
    fine_tune_epochs integer,
    fine_tune_resolution integer,
    top_1 double precision,
    top_5 double precision,
    gflops double precision,
    paper character varying(200) NOT NULL,
    github character varying(200) NOT NULL,
    dataset_id bigint NOT NULL,
    fine_tune_dataset_id bigint,
    resolution integer NOT NULL,
    intermediate_fine_tune_dataset_id bigint,
    intermediate_fine_tune_epochs integer,
    intermediate_fine_tune_resolution integer,
    pretrained_backbone_id bigint NOT NULL
);


ALTER TABLE public.view_classificationresult OWNER TO postgres;

--
-- Name: view_classificationresult_id_seq; Type: SEQUENCE; Schema: public; Owner: postgres
--

ALTER TABLE public.view_classificationresult ALTER COLUMN id ADD GENERATED BY DEFAULT AS IDENTITY (
    SEQUENCE NAME public.view_classificationresult_id_seq
    START WITH 1
    INCREMENT BY 1
    NO MINVALUE
    NO MAXVALUE
    CACHE 1
);


--
-- Name: view_dataset; Type: TABLE; Schema: public; Owner: postgres
--

CREATE TABLE public.view_dataset (
    id bigint NOT NULL,
    name character varying(100) NOT NULL,
    website character varying(200) NOT NULL,
    eval boolean NOT NULL
);


ALTER TABLE public.view_dataset OWNER TO postgres;

--
-- Name: view_dataset_id_seq; Type: SEQUENCE; Schema: public; Owner: postgres
--

ALTER TABLE public.view_dataset ALTER COLUMN id ADD GENERATED BY DEFAULT AS IDENTITY (
    SEQUENCE NAME public.view_dataset_id_seq
    START WITH 1
    INCREMENT BY 1
    NO MINVALUE
    NO MAXVALUE
    CACHE 1
);


--
-- Name: view_dataset_tasks; Type: TABLE; Schema: public; Owner: postgres
--

CREATE TABLE public.view_dataset_tasks (
    id bigint NOT NULL,
    dataset_id bigint NOT NULL,
    task_id bigint NOT NULL
);


ALTER TABLE public.view_dataset_tasks OWNER TO postgres;

--
-- Name: view_dataset_tasks_id_seq; Type: SEQUENCE; Schema: public; Owner: postgres
--

ALTER TABLE public.view_dataset_tasks ALTER COLUMN id ADD GENERATED BY DEFAULT AS IDENTITY (
    SEQUENCE NAME public.view_dataset_tasks_id_seq
    START WITH 1
    INCREMENT BY 1
    NO MINVALUE
    NO MAXVALUE
    CACHE 1
);


--
-- Name: view_downstreamhead; Type: TABLE; Schema: public; Owner: postgres
--

CREATE TABLE public.view_downstreamhead (
    id bigint NOT NULL,
    name character varying(100) NOT NULL,
    paper character varying(200) NOT NULL,
    github character varying(200) NOT NULL
);


ALTER TABLE public.view_downstreamhead OWNER TO postgres;

--
-- Name: view_downstreamhead_id_seq; Type: SEQUENCE; Schema: public; Owner: postgres
--

ALTER TABLE public.view_downstreamhead ALTER COLUMN id ADD GENERATED BY DEFAULT AS IDENTITY (
    SEQUENCE NAME public.view_downstreamhead_id_seq
    START WITH 1
    INCREMENT BY 1
    NO MINVALUE
    NO MAXVALUE
    CACHE 1
);


--
-- Name: view_downstreamhead_tasks; Type: TABLE; Schema: public; Owner: postgres
--

CREATE TABLE public.view_downstreamhead_tasks (
    id bigint NOT NULL,
    downstreamhead_id bigint NOT NULL,
    task_id bigint NOT NULL
);


ALTER TABLE public.view_downstreamhead_tasks OWNER TO postgres;

--
-- Name: view_downstreamhead_tasks_id_seq; Type: SEQUENCE; Schema: public; Owner: postgres
--

ALTER TABLE public.view_downstreamhead_tasks ALTER COLUMN id ADD GENERATED BY DEFAULT AS IDENTITY (
    SEQUENCE NAME public.view_downstreamhead_tasks_id_seq
    START WITH 1
    INCREMENT BY 1
    NO MINVALUE
    NO MAXVALUE
    CACHE 1
);


--
-- Name: view_fpsmeasurement; Type: TABLE; Schema: public; Owner: postgres
--

CREATE TABLE public.view_fpsmeasurement (
    id bigint NOT NULL,
    backbone_name character varying(100) NOT NULL,
    resolution integer NOT NULL,
    fps double precision NOT NULL,
    gpu character varying(100) NOT NULL,
    "precision" character varying(20),
    batch_size integer,
    source character varying(200) NOT NULL
);


ALTER TABLE public.view_fpsmeasurement OWNER TO postgres;

--
-- Name: view_fpsmeasurement_id_seq; Type: SEQUENCE; Schema: public; Owner: postgres
--

ALTER TABLE public.view_fpsmeasurement ALTER COLUMN id ADD GENERATED BY DEFAULT AS IDENTITY (
    SEQUENCE NAME public.view_fpsmeasurement_id_seq
    START WITH 1
    INCREMENT BY 1
    NO MINVALUE
    NO MAXVALUE
    CACHE 1
);


--
-- Name: view_instanceresult; Type: TABLE; Schema: public; Owner: postgres
--

CREATE TABLE public.view_instanceresult (
    id bigint NOT NULL,
    train_epochs integer,
    "mAP" double precision NOT NULL,
    "AP50" double precision,
    "AP75" double precision,
    "mAPs" double precision,
    "mAPm" double precision,
    "mAPl" double precision,
    gflops double precision,
    paper character varying(200) NOT NULL,
    github character varying(200) NOT NULL,
    dataset_id bigint NOT NULL,
    head_id bigint NOT NULL,
    train_dataset_id bigint NOT NULL,
    instance_type_id bigint NOT NULL,
    intermediate_train_dataset_id bigint,
    intermediate_train_epochs integer,
    pretrained_backbone_id bigint NOT NULL
);


ALTER TABLE public.view_instanceresult OWNER TO postgres;

--
-- Name: view_instanceresult_fps_measurements; Type: TABLE; Schema: public; Owner: postgres
--

CREATE TABLE public.view_instanceresult_fps_measurements (
    id bigint NOT NULL,
    instanceresult_id bigint NOT NULL,
    fpsmeasurement_id bigint NOT NULL
);


ALTER TABLE public.view_instanceresult_fps_measurements OWNER TO postgres;

--
-- Name: view_instanceresult_fps_measurements_id_seq; Type: SEQUENCE; Schema: public; Owner: postgres
--

ALTER TABLE public.view_instanceresult_fps_measurements ALTER COLUMN id ADD GENERATED BY DEFAULT AS IDENTITY (
    SEQUENCE NAME public.view_instanceresult_fps_measurements_id_seq
    START WITH 1
    INCREMENT BY 1
    NO MINVALUE
    NO MAXVALUE
    CACHE 1
);


--
-- Name: view_instanceresult_id_seq; Type: SEQUENCE; Schema: public; Owner: postgres
--

ALTER TABLE public.view_instanceresult ALTER COLUMN id ADD GENERATED BY DEFAULT AS IDENTITY (
    SEQUENCE NAME public.view_instanceresult_id_seq
    START WITH 1
    INCREMENT BY 1
    NO MINVALUE
    NO MAXVALUE
    CACHE 1
);


--
-- Name: view_pretrainedbackbone; Type: TABLE; Schema: public; Owner: postgres
--

CREATE TABLE public.view_pretrainedbackbone (
    id bigint NOT NULL,
    name character varying(100) NOT NULL,
    pretrain_method character varying(100) NOT NULL,
    pretrain_resolution integer,
    pretrain_epochs integer,
    paper character varying(200) NOT NULL,
    github character varying(200) NOT NULL,
    backbone_id bigint NOT NULL,
    pretrain_dataset_id bigint NOT NULL,
    family_id bigint NOT NULL
);


ALTER TABLE public.view_pretrainedbackbone OWNER TO postgres;

--
-- Name: view_pretrainedbackbone_id_seq; Type: SEQUENCE; Schema: public; Owner: postgres
--

ALTER TABLE public.view_pretrainedbackbone ALTER COLUMN id ADD GENERATED BY DEFAULT AS IDENTITY (
    SEQUENCE NAME public.view_pretrainedbackbone_id_seq
    START WITH 1
    INCREMENT BY 1
    NO MINVALUE
    NO MAXVALUE
    CACHE 1
);


--
-- Name: view_task; Type: TABLE; Schema: public; Owner: postgres
--

CREATE TABLE public.view_task (
    id bigint NOT NULL,
    name character varying(100) NOT NULL
);


ALTER TABLE public.view_task OWNER TO postgres;

--
-- Name: view_task_id_seq; Type: SEQUENCE; Schema: public; Owner: postgres
--

ALTER TABLE public.view_task ALTER COLUMN id ADD GENERATED BY DEFAULT AS IDENTITY (
    SEQUENCE NAME public.view_task_id_seq
    START WITH 1
    INCREMENT BY 1
    NO MINVALUE
    NO MAXVALUE
    CACHE 1
);


--
-- Data for Name: auth_group; Type: TABLE DATA; Schema: public; Owner: postgres
--

COPY public.auth_group (id, name) FROM stdin;
\.


--
-- Data for Name: auth_group_permissions; Type: TABLE DATA; Schema: public; Owner: postgres
--

COPY public.auth_group_permissions (id, group_id, permission_id) FROM stdin;
\.


--
-- Data for Name: auth_permission; Type: TABLE DATA; Schema: public; Owner: postgres
--

COPY public.auth_permission (id, name, content_type_id, codename) FROM stdin;
1	Can add log entry	1	add_logentry
2	Can change log entry	1	change_logentry
3	Can delete log entry	1	delete_logentry
4	Can view log entry	1	view_logentry
5	Can add permission	2	add_permission
6	Can change permission	2	change_permission
7	Can delete permission	2	delete_permission
8	Can view permission	2	view_permission
9	Can add group	3	add_group
10	Can change group	3	change_group
11	Can delete group	3	delete_group
12	Can view group	3	view_group
13	Can add user	4	add_user
14	Can change user	4	change_user
15	Can delete user	4	delete_user
16	Can view user	4	view_user
17	Can add content type	5	add_contenttype
18	Can change content type	5	change_contenttype
19	Can delete content type	5	delete_contenttype
20	Can view content type	5	view_contenttype
21	Can add session	6	add_session
22	Can change session	6	change_session
23	Can delete session	6	delete_session
24	Can view session	6	view_session
25	Can add instance result	7	add_instanceresult
26	Can change instance result	7	change_instanceresult
27	Can delete instance result	7	delete_instanceresult
28	Can view instance result	7	view_instanceresult
29	Can add classification result	8	add_classificationresult
30	Can change classification result	8	change_classificationresult
31	Can delete classification result	8	delete_classificationresult
32	Can view classification result	8	view_classificationresult
33	Can add pretrained backbone	9	add_pretrainedbackbone
34	Can change pretrained backbone	9	change_pretrainedbackbone
35	Can delete pretrained backbone	9	delete_pretrainedbackbone
36	Can view pretrained backbone	9	view_pretrainedbackbone
37	Can add backbone	10	add_backbone
38	Can change backbone	10	change_backbone
39	Can delete backbone	10	delete_backbone
40	Can view backbone	10	view_backbone
41	Can add task	11	add_task
42	Can change task	11	change_task
43	Can delete task	11	delete_task
44	Can view task	11	view_task
45	Can add downstream head	12	add_downstreamhead
46	Can change downstream head	12	change_downstreamhead
47	Can delete downstream head	12	delete_downstreamhead
48	Can view downstream head	12	view_downstreamhead
49	Can add dataset	13	add_dataset
50	Can change dataset	13	change_dataset
51	Can delete dataset	13	delete_dataset
52	Can view dataset	13	view_dataset
53	Can add backbone family	14	add_backbonefamily
54	Can change backbone family	14	change_backbonefamily
55	Can delete backbone family	14	delete_backbonefamily
56	Can view backbone family	14	view_backbonefamily
57	Can add fps measurement	15	add_fpsmeasurement
58	Can change fps measurement	15	change_fpsmeasurement
59	Can delete fps measurement	15	delete_fpsmeasurement
60	Can view fps measurement	15	view_fpsmeasurement
\.


--
-- Data for Name: auth_user; Type: TABLE DATA; Schema: public; Owner: postgres
--

COPY public.auth_user (id, password, last_login, is_superuser, username, first_name, last_name, email, is_staff, is_active, date_joined) FROM stdin;
\.
--REDACTED


--
-- Data for Name: auth_user_groups; Type: TABLE DATA; Schema: public; Owner: postgres
--

COPY public.auth_user_groups (id, user_id, group_id) FROM stdin;
\.


--
-- Data for Name: auth_user_user_permissions; Type: TABLE DATA; Schema: public; Owner: postgres
--

COPY public.auth_user_user_permissions (id, user_id, permission_id) FROM stdin;
\.


--
-- Data for Name: django_admin_log; Type: TABLE DATA; Schema: public; Owner: postgres
--

COPY public.django_admin_log (id, action_time, object_id, object_repr, action_flag, change_message, content_type_id, user_id) FROM stdin;
1	2024-08-18 18:47:55.128642-05	1	TransNeXt	1	[{"added": {}}]	14	1
2	2024-08-18 18:50:49.26547-05	1	TransNeXt-Micro	1	[{"added": {}}]	10	1
3	2024-08-18 18:50:58.207472-05	1	TransNeXt-Micro	2	[{"changed": {"fields": ["Parameters (M)"]}}]	10	1
4	2024-08-18 18:51:08.279826-05	1	TransNeXt-Micro	2	[{"changed": {"fields": ["Parameters (M)"]}}]	10	1
5	2024-08-18 18:53:20.507623-05	1	TransNeXt-Micro	2	[]	10	1
6	2024-08-18 18:53:35.134392-05	2	TransNeXt-Tiny	1	[{"added": {}}]	10	1
7	2024-08-18 18:53:49.262139-05	3	TransNeXt-Small	1	[{"added": {}}]	10	1
8	2024-08-18 18:54:01.346934-05	4	TransNeXt-Base	1	[{"added": {}}]	10	1
9	2024-08-18 18:54:54.198947-05	1	Object Detection	1	[{"added": {}}]	11	1
10	2024-08-18 18:54:58.505587-05	2	Object Detection	1	[{"added": {}}]	11	1
11	2024-08-18 18:55:02.566437-05	3	Instance Segmentation	1	[{"added": {}}]	11	1
12	2024-08-18 18:55:52.11165-05	1	Mask R-CNN	1	[{"added": {}}]	12	1
13	2024-08-18 18:56:38.375897-05	1	Object Detection	3		11	1
14	2024-08-18 18:59:23.07771-05	4	TransNeXt-Base	2	[{"changed": {"fields": ["Parameters (M)"]}}]	10	1
15	2024-08-18 18:59:25.284775-05	4	TransNeXt-Base	2	[]	10	1
16	2024-08-18 18:59:31.7554-05	3	TransNeXt-Small	2	[{"changed": {"fields": ["Parameters (M)"]}}]	10	1
17	2024-08-18 18:59:38.005471-05	2	TransNeXt-Tiny	2	[{"changed": {"fields": ["Parameters (M)"]}}]	10	1
18	2024-08-18 18:59:45.939323-05	1	TransNeXt-Micro	2	[{"changed": {"fields": ["Parameters (M)"]}}]	10	1
19	2024-08-18 19:00:07.211844-05	4	Classification	1	[{"added": {}}]	11	1
20	2024-08-18 19:00:10.710121-05	5	Semantic Segmentation	1	[{"added": {}}]	11	1
21	2024-08-18 19:01:04.352994-05	1	ImageNet-1k	1	[{"added": {}}]	13	1
22	2024-08-18 19:01:14.618652-05	2	ImageNet-22k	1	[{"added": {}}]	13	1
23	2024-08-18 19:03:54.475266-05	3	COCO (train)	1	[{"added": {}}]	13	1
24	2024-08-18 19:04:01.778715-05	4	COCO (val)	1	[{"added": {}}]	13	1
25	2024-08-18 19:04:09.800325-05	5	COCO (test)	1	[{"added": {}}]	13	1
26	2024-08-18 19:10:17.522165-05	1	ClassificationResult object (1)	1	[{"added": {}}]	8	1
27	2024-08-18 19:12:46.104249-05	1	TransNeXt-Micro-IN1K	1	[{"added": {}}]	9	1
28	2024-08-18 19:19:00.045087-05	1	TransNeXt-Micro-IN1K/ImageNet-1k/	2	[{"changed": {"fields": ["Pretrained backbone name"]}}]	8	1
29	2024-08-18 19:23:08.954418-05	2	TransNeXt-Tiny-IN1K/ImageNet-1k/	1	[{"added": {}}]	8	1
30	2024-08-18 19:29:06.122088-05	3		1	[{"added": {}}]	7	1
31	2024-08-18 19:30:35.552588-05	4		1	[{"added": {}}]	7	1
32	2024-08-18 19:31:02.968791-05	2	TransNeXt-Tiny-IN1K	1	[{"added": {}}]	9	1
33	2024-08-18 19:43:08.330537-05	3	TransNeXt-Tiny-IN1K/Mask R-CNN/Object Detection/COCO (val)/COCO (train)/	2	[{"changed": {"fields": ["Instance type"]}}]	7	1
34	2024-08-18 19:43:12.534212-05	4	TransNeXt-Tiny-IN1K/Mask R-CNN/Instance Segmentation/COCO (val)/COCO (train)/	2	[{"changed": {"fields": ["Instance type"]}}]	7	1
35	2024-08-19 00:24:16.87658-05	5	TransNeXt-Small-IN1K/Mask R-CNN/Object Detection/COCO (val)/COCO (train)/	1	[{"added": {}}]	7	1
36	2024-08-19 00:25:25.179418-05	6	TransNeXt-Small-IN1K/Mask R-CNN/Instance Segmentation/COCO (val)/COCO (train)/	1	[{"added": {}}]	7	1
37	2024-08-19 00:26:17.544923-05	3	TransNeXt-Small-IN1K/ImageNet-1k/	1	[{"added": {}}]	8	1
38	2024-08-19 00:26:20.942575-05	3	TransNeXt-Small-IN1k	1	[{"added": {}}]	9	1
39	2024-08-19 00:26:59.578671-05	5	TransNeXt-Small-IN1K/Mask R-CNN/Object Detection/COCO (val)/COCO (train)/	2	[{"changed": {"fields": ["Gflops"]}}]	7	1
40	2024-08-19 00:28:59.736432-05	4	TransNeXt-Base-IN1k/ImageNet-1k/	1	[{"added": {}}]	8	1
41	2024-08-19 00:29:57.870801-05	7	TransNeXt-Base-IN1k/Mask R-CNN/Object Detection/COCO (val)/COCO (train)/	1	[{"added": {}}]	7	1
42	2024-08-19 00:30:43.948361-05	8	TransNeXt-Base-IN1k/Mask R-CNN/Instance Segmentation/COCO (val)/COCO (train)/	1	[{"added": {}}]	7	1
43	2024-08-19 00:30:58.054705-05	4	TransNeXt-Base-IN1k	1	[{"added": {}}]	9	1
44	2024-08-19 00:31:28.195244-05	2	TransNeXt-Tiny-IN1k	2	[{"changed": {"fields": ["Name"]}}]	9	1
45	2024-08-19 00:31:34.562169-05	1	TransNeXt-Micro-IN1k	2	[{"changed": {"fields": ["Name"]}}]	9	1
46	2024-08-19 00:31:44.808088-05	6	TransNeXt-Small-IN1k/Mask R-CNN/Instance Segmentation/COCO (val)/COCO (train)/	2	[{"changed": {"fields": ["Pretrained backbone name"]}}]	7	1
47	2024-08-19 00:31:49.929913-05	5	TransNeXt-Small-IN1k/Mask R-CNN/Object Detection/COCO (val)/COCO (train)/	2	[{"changed": {"fields": ["Pretrained backbone name"]}}]	7	1
48	2024-08-19 00:31:55.246387-05	4	TransNeXt-Tiny-IN1k/Mask R-CNN/Instance Segmentation/COCO (val)/COCO (train)/	2	[{"changed": {"fields": ["Pretrained backbone name"]}}]	7	1
49	2024-08-19 00:32:00.832995-05	3	TransNeXt-Tiny-IN1k/Mask R-CNN/Object Detection/COCO (val)/COCO (train)/	2	[{"changed": {"fields": ["Pretrained backbone name"]}}]	7	1
50	2024-08-19 15:08:39.103474-05	2	ConvNeXt	1	[{"added": {}}]	14	1
51	2024-08-19 15:09:12.947098-05	5	ConvNeXt-T	1	[{"added": {}}]	10	1
52	2024-08-19 15:09:22.318849-05	6	ConvNeXt-S	1	[{"added": {}}]	10	1
53	2024-08-19 15:09:31.55587-05	7	ConvNeXt-B	1	[{"added": {}}]	10	1
54	2024-08-19 15:09:44.596669-05	8	ConvNeXt-L	1	[{"added": {}}]	10	1
55	2024-08-19 15:10:26.674011-05	8	ConvNeXt-Large	2	[{"changed": {"fields": ["Name"]}}]	10	1
56	2024-08-19 15:10:29.526764-05	7	ConvNeXt-Base	2	[{"changed": {"fields": ["Name"]}}]	10	1
57	2024-08-19 15:10:32.992005-05	6	ConvNeXt-Small	2	[{"changed": {"fields": ["Name"]}}]	10	1
58	2024-08-19 15:10:36.296926-05	5	ConvNeXt-Tiny	2	[{"changed": {"fields": ["Name"]}}]	10	1
59	2024-08-19 15:14:03.196156-05	5	ConvNeXt-Large-IN1k/ImageNet-1k/	1	[{"added": {}}]	8	1
60	2024-08-19 15:18:35.823871-05	8	ConvNeXt-Large-IN1k/ImageNet-1k/ImageNet-1k/	1	[{"added": {}}]	8	1
61	2024-08-19 15:22:59.636978-05	5	ConvNeXt-Large-IN1k	1	[{"added": {}}]	9	1
62	2024-08-19 15:26:57.986878-05	2	Cascade Mask-RCNN	1	[{"added": {}}]	12	1
63	2024-08-19 15:27:30.891542-05	2	Cascade Mask R-CNN	2	[{"changed": {"fields": ["Name"]}}]	12	1
64	2024-08-19 15:28:47.363558-05	5	ConvNeXt-Large-IN1k	2	[]	9	1
65	2024-08-19 15:31:08.510642-05	9	ConvNeXt-Large-IN22k/ImageNet-1k/ImageNet-1k/	1	[{"added": {}}]	8	1
66	2024-08-19 15:32:09.778532-05	10	ConvNeXt-Large-IN22k/ImageNet-1k/ImageNet-1k/	1	[{"added": {}}]	8	1
67	2024-08-19 15:35:10.073881-05	9	ConvNeXt-Large-IN22k/Cascade Mask R-CNN/Object Detection/COCO (val)/COCO (train)/	1	[{"added": {}}]	7	1
68	2024-08-19 15:36:01.421247-05	10	ConvNeXt-Large-IN22k/Cascade Mask R-CNN/Instance Segmentation/COCO (val)/COCO (train)/	1	[{"added": {}}]	7	1
69	2024-08-19 15:36:14.728215-05	6	ConvNeXt-Large-IN22k	1	[{"added": {}}]	9	1
70	2024-08-19 15:37:45.944397-05	11	ConvNeXt-Base-IN1k/ImageNet-1k/	1	[{"added": {}}]	8	1
71	2024-08-19 15:38:20.318456-05	12	ConvNeXt-Base-IN1k/ImageNet-1k/ImageNet-1k/	1	[{"added": {}}]	8	1
138	2024-08-19 21:34:09.035825-05	13	ConvNeXt-ExtraLarge-IN22k	1	[{"added": {}}]	9	1
72	2024-08-19 15:39:15.851015-05	11	ConvNeXt-Base-IN1k/Cascade Mask R-CNN/Object Detection/COCO (val)/COCO (train)/	1	[{"added": {}}]	7	1
73	2024-08-19 15:39:53.265302-05	12	ConvNeXt-Base-IN1k/Cascade Mask R-CNN/Instance Segmentation/COCO (val)/COCO (train)/	1	[{"added": {}}]	7	1
74	2024-08-19 15:41:31.732303-05	7	ConvNeXt-Base-IN1k	1	[{"added": {}}]	9	1
75	2024-08-19 15:42:59.569573-05	13	ConvNeXt-Base-IN22k/Cascade Mask R-CNN/Object Detection/COCO (val)/COCO (train)/	1	[{"added": {}}]	7	1
76	2024-08-19 15:43:44.56648-05	14	ConvNeXt-Base-IN22k/Cascade Mask R-CNN/Instance Segmentation/COCO (val)/COCO (train)/	1	[{"added": {}}]	7	1
77	2024-08-19 15:44:53.354051-05	13	ConvNeXt-Base-IN22k/ImageNet-1k/ImageNet-1k/	1	[{"added": {}}]	8	1
78	2024-08-19 15:45:37.815467-05	14	ConvNeXt-Base-IN22k/ImageNet-1k/ImageNet-1k/	1	[{"added": {}}]	8	1
79	2024-08-19 15:45:40.888773-05	8	ConvNeXt-Base-IN22k	1	[{"added": {}}]	9	1
80	2024-08-19 15:47:05.06681-05	10	ConvNeXt-Large-IN22k/ImageNet-1k/ImageNet-1k/	2	[{"changed": {"fields": ["Gflops"]}}]	8	1
81	2024-08-19 15:49:33.978816-05	15	ConvNeXt-Small-IN1k/ImageNet-1k/	1	[{"added": {}}]	8	1
82	2024-08-19 15:50:47.507298-05	15	ConvNeXt-Small-IN1k/Cascade Mask R-CNN/Object Detection/COCO (val)/COCO (train)/36/	1	[{"added": {}}]	7	1
83	2024-08-19 15:50:56.644665-05	9	ConvNeXt-Small-IN1k	1	[{"added": {}}]	9	1
84	2024-08-19 15:52:30.799183-05	16	ConvNeXt-Small-IN22k/ImageNet-1k/ImageNet-1k/30/	1	[{"added": {}}]	8	1
85	2024-08-19 15:53:13.827473-05	17	ConvNeXt-Small-IN22k/ImageNet-1k/ImageNet-1k/384/	1	[{"added": {}}]	8	1
86	2024-08-19 15:53:20.61957-05	10	ConvNeXt-Small-IN22k	1	[{"added": {}}]	9	1
87	2024-08-19 15:54:23.645677-05	18	ConvNeXt-Tiny-IN1k/ImageNet-1k/	1	[{"added": {}}]	8	1
88	2024-08-19 15:55:36.779177-05	16	ConvNeXt-Tiny-IN1k/Cascade Mask R-CNN/Object Detection/COCO (val)/COCO (train)/36/	1	[{"added": {}}]	7	1
89	2024-08-19 15:56:30.00389-05	17	ConvNeXt-Tiny-IN1k/Cascade Mask R-CNN/Instance Segmentation/COCO (val)/COCO (train)/36/	1	[{"added": {}}]	7	1
90	2024-08-19 15:57:15.627996-05	18	ConvNeXt-Tiny-IN1k/Mask R-CNN/Object Detection/COCO (val)/COCO (train)/36/	1	[{"added": {}}]	7	1
91	2024-08-19 15:57:50.230615-05	19	ConvNeXt-Tiny-IN1k/Mask R-CNN/Instance Segmentation/COCO (val)/COCO (train)/36/	1	[{"added": {}}]	7	1
92	2024-08-19 15:57:54.913675-05	11	ConvNeXt-Tiny-IN1k	1	[{"added": {}}]	9	1
93	2024-08-19 16:00:40.401281-05	19	ConvNeXt-Tiny-IN22k/ImageNet-1k/ImageNet-1k/224/	1	[{"added": {}}]	8	1
94	2024-08-19 16:01:05.57208-05	20	ConvNeXt-Tiny-IN22k/ImageNet-1k/ImageNet-1k/384/	1	[{"added": {}}]	8	1
95	2024-08-19 16:01:07.116489-05	12	ConvNeXt-Tiny-IN22k	1	[{"added": {}}]	9	1
96	2024-08-19 17:27:11.285218-05	6	Panoptic Segmentation	1	[{"added": {}}]	11	1
97	2024-08-19 17:27:24.706692-05	6	ADE20K	1	[{"added": {}}]	13	1
98	2024-08-19 17:28:34.372677-05	7	ImageNet-A	1	[{"added": {}}]	13	1
99	2024-08-19 17:29:21.121512-05	8	ImageNet-R	1	[{"added": {}}]	13	1
100	2024-08-19 17:29:43.797249-05	9	ImageNet-Sketch	1	[{"added": {}}]	13	1
101	2024-08-19 17:31:05.241512-05	10	ImageNet-C	1	[{"added": {}}]	13	1
102	2024-08-19 17:33:12.6204-05	11	ImageNet-C-bar	1	[{"added": {}}]	13	1
103	2024-08-19 20:52:40.303485-05	21	ConvNeXt-Tiny-IN1k/ImageNet-C/	1	[{"added": {}}]	8	1
104	2024-08-19 20:53:13.184562-05	22	ConvNeXt-Tiny-IN1k/ImageNet-C-bar/	1	[{"added": {}}]	8	1
105	2024-08-19 20:53:43.013556-05	23	ConvNeXt-Tiny-IN1k/ImageNet-A/	1	[{"added": {}}]	8	1
106	2024-08-19 20:54:09.59393-05	24	ConvNeXt-Tiny-IN1k/ImageNet-R/	1	[{"added": {}}]	8	1
107	2024-08-19 20:54:30.202752-05	25	ConvNeXt-Tiny-IN1k/ImageNet-Sketch/	1	[{"added": {}}]	8	1
108	2024-08-19 20:54:35.186367-05	11	ConvNeXt-Tiny-IN1k	2	[{"changed": {"fields": ["Classification results"]}}]	9	1
109	2024-08-19 20:56:33.749891-05	26	ConvNeXt-Base-IN1k/ImageNet-C/	1	[{"added": {}}]	8	1
110	2024-08-19 20:57:09.283546-05	27	ConvNeXt-Base-IN1k/ImageNet-C-bar/	1	[{"added": {}}]	8	1
111	2024-08-19 20:57:34.987304-05	28	ConvNeXt-Base-IN1k/ImageNet-A/	1	[{"added": {}}]	8	1
112	2024-08-19 20:58:05.683537-05	29	ConvNeXt-Base-IN1k/ImageNet-R/	1	[{"added": {}}]	8	1
113	2024-08-19 20:58:21.26057-05	30	ConvNeXt-Base-IN1k/ImageNet-Sketch/	1	[{"added": {}}]	8	1
114	2024-08-19 20:58:27.091459-05	7	ConvNeXt-Base-IN1k	2	[{"changed": {"fields": ["Classification results"]}}]	9	1
115	2024-08-19 21:01:12.120659-05	31	ConvNeXt-Base-IN22k/ImageNet-C/ImageNet-1k/384/	1	[{"added": {}}]	8	1
116	2024-08-19 21:04:52.0422-05	32	ConvNeXt-Base-IN22k/ImageNet-C-bar/ImageNet-1k/384/	1	[{"added": {}}]	8	1
117	2024-08-19 21:06:23.324917-05	33	ConvNeXt-Base-IN22k/ImageNet-A/ImageNet-1k/384/	1	[{"added": {}}]	8	1
118	2024-08-19 21:07:11.425864-05	34	ConvNeXt-Base-IN22k/ImageNet-R/ImageNet-1k/384/	1	[{"added": {}}]	8	1
119	2024-08-19 21:07:37.148542-05	35	ConvNeXt-Base-IN22k/ImageNet-R/ImageNet-1k/384/	1	[{"added": {}}]	8	1
120	2024-08-19 21:07:41.58988-05	8	ConvNeXt-Base-IN22k	2	[{"changed": {"fields": ["Classification results", "Paper", "Github"]}}]	9	1
121	2024-08-19 21:10:38.319654-05	36	ConvNeXt-Large-IN22k/ImageNet-C/ImageNet-1k/384/	1	[{"added": {}}]	8	1
122	2024-08-19 21:11:04.488387-05	37	ConvNeXt-Large-IN22k/ImageNet-C-bar/ImageNet-1k/384/	1	[{"added": {}}]	8	1
123	2024-08-19 21:23:20.974558-05	38	ConvNeXt-Large-IN22k/ImageNet-A/ImageNet-1k/384/	1	[{"added": {}}]	8	1
124	2024-08-19 21:23:55.25961-05	39	ConvNeXt-Large-IN22k/ImageNet-R/ImageNet-1k/384/	1	[{"added": {}}]	8	1
125	2024-08-19 21:24:58.340912-05	40	ConvNeXt-Large-IN22k/ImageNet-Sketch/ImageNet-1k/384/	1	[{"added": {}}]	8	1
126	2024-08-19 21:25:06.754512-05	6	ConvNeXt-Large-IN22k	2	[{"changed": {"fields": ["Classification results"]}}]	9	1
127	2024-08-19 21:27:18.931224-05	9	ConvNeXt-ExtraLarge	1	[{"added": {}}]	10	1
128	2024-08-19 21:27:24.535999-05	9	ConvNeXt-ExtraLarge	2	[]	10	1
129	2024-08-19 21:28:30.748241-05	41	ConvNeXt-ExtraLarge-IN22k/ImageNet-1k/ImageNet-1k/224/	1	[{"added": {}}]	8	1
130	2024-08-19 21:28:59.323556-05	42	ConvNeXt-ExtraLarge-IN22k/ImageNet-1k/ImageNet-1k/384/	1	[{"added": {}}]	8	1
131	2024-08-19 21:30:03.716738-05	20	ConvNeXt-ExtraLarge-IN22k/Cascade Mask R-CNN/Object Detection/COCO (val)/COCO (train)/36/	1	[{"added": {}}]	7	1
132	2024-08-19 21:30:41.079676-05	21	ConvNeXt-ExtraLarge-IN22k/Cascade Mask R-CNN/Instance Segmentation/COCO (val)/COCO (train)/36/	1	[{"added": {}}]	7	1
133	2024-08-19 21:31:48.401573-05	43	ConvNeXt-ExtraLarge-IN22k/ImageNet-C/ImageNet-1k/384/	1	[{"added": {}}]	8	1
134	2024-08-19 21:32:34.16967-05	44	ConvNeXt-ExtraLarge-IN22k/ImageNet-C-bar/ImageNet-1k/384/	1	[{"added": {}}]	8	1
135	2024-08-19 21:33:02.54261-05	45	ConvNeXt-ExtraLarge-IN22k/ImageNet-A/ImageNet-1k/384/	1	[{"added": {}}]	8	1
136	2024-08-19 21:33:33.41281-05	46	ConvNeXt-ExtraLarge-IN22k/ImageNet-R/ImageNet-1k/384/	1	[{"added": {}}]	8	1
137	2024-08-19 21:34:06.026201-05	47	ConvNeXt-ExtraLarge-IN22k/ImageNet-Sketch/ImageNet-1k/384/	1	[{"added": {}}]	8	1
139	2024-08-19 22:20:27.622636-05	35	ConvNeXt-Base-IN22k/ImageNet-Sketch/ImageNet-1k/384/	2	[{"changed": {"fields": ["Dataset"]}}]	8	1
140	2024-08-30 17:39:46.205137-05	1	FPSMeasurement object (1)	1	[{"added": {}}]	15	1
141	2024-08-30 17:39:47.875877-05	4	TransNeXt-Base	2	[{"changed": {"fields": ["Fps measurements"]}}]	10	1
142	2024-08-30 17:41:32.449416-05	2	TransNeXt-Small/V100/224/FP16/	1	[{"added": {}}]	15	1
143	2024-08-30 17:41:44.784633-05	3	TransNeXt-Small	2	[{"changed": {"fields": ["Fps measurements"]}}]	10	1
144	2024-08-30 17:42:13.751873-05	3	TransNeXt-Tiny/V100/224/FP16/	1	[{"added": {}}]	15	1
145	2024-08-30 17:42:15.570117-05	2	TransNeXt-Tiny	2	[{"changed": {"fields": ["Fps measurements"]}}]	10	1
146	2024-08-30 17:46:06.116412-05	4	TransNeXt-Tiny/V100/224/FP32/	1	[{"added": {}}]	15	1
147	2024-08-30 17:46:08.717852-05	2	TransNeXt-Tiny	2	[{"changed": {"fields": ["Fps measurements"]}}]	10	1
148	2024-08-30 17:46:35.785353-05	5	TransNeXt-Micro/V100/224/FP16/	1	[{"added": {}}]	15	1
149	2024-08-30 17:46:38.154772-05	1	TransNeXt-Micro	2	[{"changed": {"fields": ["Fps measurements"]}}]	10	1
150	2024-08-30 17:59:35.804703-05	48	TransNeXt-Micro-IN1K/ImageNet-C/	1	[{"added": {}}]	8	1
151	2024-08-30 18:00:09.531124-05	49	TransNeXt-Micro-IN1K/ImageNet-A/	1	[{"added": {}}]	8	1
152	2024-08-30 18:00:49.457578-05	50	TransNeXt-Micro-IN1K/ImageNet-R/	1	[{"added": {}}]	8	1
153	2024-08-30 18:01:25.079316-05	51	TransNeXt-Micro-IN1K/ImageNet-Sketch/	1	[{"added": {}}]	8	1
154	2024-08-30 18:03:01.191978-05	12	ImageNet-V2	1	[{"added": {}}]	13	1
155	2024-08-30 18:03:32.408829-05	52	TransNeXt-Micro-IN1K/ImageNet-V2/	1	[{"added": {}}]	8	1
156	2024-08-30 18:04:10.865122-05	53	TransNeXt-Tiny-IN1K/ImageNet-C/	1	[{"added": {}}]	8	1
157	2024-08-30 18:04:37.144224-05	54	TransNeXt-Tiny-IN1K/ImageNet-A/	1	[{"added": {}}]	8	1
158	2024-08-30 18:05:00.219971-05	55	TransNeXt-Tiny-IN1K/ImageNet-R/	1	[{"added": {}}]	8	1
159	2024-08-30 18:05:23.643255-05	56	TransNeXt-Tiny-IN1K/ImageNet-Sketch/	1	[{"added": {}}]	8	1
160	2024-08-30 18:05:50.776418-05	57	TransNeXt-Tiny-IN1K/ImageNet-V2/	1	[{"added": {}}]	8	1
161	2024-08-30 18:06:39.134459-05	2	TransNeXt-Tiny-IN1k	2	[{"changed": {"fields": ["Classification results"]}}]	9	1
162	2024-08-30 18:07:06.381873-05	1	TransNeXt-Micro-IN1k	2	[{"changed": {"fields": ["Classification results"]}}]	9	1
163	2024-08-30 18:08:22.785786-05	58	TransNeXt-Small-IN1K/ImageNet-C/	1	[{"added": {}}]	8	1
164	2024-08-30 18:08:46.912129-05	59	TransNeXt-Small-IN1K/ImageNet-A/	1	[{"added": {}}]	8	1
165	2024-08-30 18:09:39.130398-05	60	TransNeXt-Small-IN1K/ImageNet-R/	1	[{"added": {}}]	8	1
166	2024-08-30 18:10:11.100527-05	61	TransNeXt-Small-IN1K/ImageNet-Sketch/	1	[{"added": {}}]	8	1
167	2024-08-30 18:10:38.331493-05	62	TransNeXt-Small-IN1K/ImageNet-V2/	1	[{"added": {}}]	8	1
168	2024-08-30 18:12:25.889282-05	3	TransNeXt-Small-IN1k	2	[{"changed": {"fields": ["Classification results"]}}]	9	1
169	2024-08-30 18:13:25.425317-05	63	TransNeXt-Base-IN1k/ImageNet-C/	1	[{"added": {}}]	8	1
170	2024-08-30 18:14:53.611325-05	64	TransNeXt-Base-IN1k/ImageNet-A/	1	[{"added": {}}]	8	1
171	2024-08-30 18:15:26.364571-05	65	TransNeXt-Base-IN1k/ImageNet-R/	1	[{"added": {}}]	8	1
172	2024-08-30 18:15:47.509885-05	66	TransNeXt-Base-IN1k/ImageNet-Sketch/	1	[{"added": {}}]	8	1
173	2024-08-30 18:16:08.855906-05	67	TransNeXt-Base-IN1k/ImageNet-V2/	1	[{"added": {}}]	8	1
174	2024-08-30 18:19:21.327421-05	68	TransNeXt-Base-IN1k/ImageNet-1k/ImageNet-1k/384/	1	[{"added": {}}]	8	1
175	2024-08-30 18:19:48.231712-05	69	TransNeXt-Base-IN1k/ImageNet-A/ImageNet-1k/384/	1	[{"added": {}}]	8	1
176	2024-08-30 18:20:16.258179-05	70	TransNeXt-Base-IN1k/ImageNet-R/ImageNet-1k/384/	1	[{"added": {}}]	8	1
177	2024-08-30 18:20:49.97331-05	71	TransNeXt-Base-IN1k/ImageNet-Sketch/ImageNet-1k/384/	1	[{"added": {}}]	8	1
178	2024-08-30 18:21:24.261137-05	72	TransNeXt-Base-IN1k/ImageNet-V2/ImageNet-1k/384/	1	[{"added": {}}]	8	1
179	2024-08-30 18:21:31.66668-05	4	TransNeXt-Base-IN1k	2	[{"changed": {"fields": ["Classification results"]}}]	9	1
180	2024-08-30 18:22:24.538161-05	73	TransNeXt-Small-IN1K/ImageNet-1k/ImageNet-1k/384/	1	[{"added": {}}]	8	1
181	2024-08-30 18:22:50.81293-05	74	TransNeXt-Small-IN1K/ImageNet-A/ImageNet-1k/384/	1	[{"added": {}}]	8	1
182	2024-08-30 18:23:18.242806-05	75	TransNeXt-Small-IN1K/ImageNet-R/ImageNet-1k/384/	1	[{"added": {}}]	8	1
183	2024-08-30 18:23:51.772729-05	3	TransNeXt-Small-IN1k	2	[{"changed": {"fields": ["Classification results"]}}]	9	1
184	2024-08-30 18:24:03.506665-05	3	TransNeXt-Small-IN1k	2	[{"changed": {"fields": ["Classification results"]}}]	9	1
185	2024-08-30 18:24:30.963317-05	76	TransNeXt-Small-IN1K/ImageNet-Sketch/ImageNet-1k/384/	1	[{"added": {}}]	8	1
186	2024-08-30 18:24:38.352316-05	3	TransNeXt-Small-IN1k	2	[]	9	1
187	2024-08-30 18:24:43.829603-05	3	TransNeXt-Small-IN1k	2	[{"changed": {"fields": ["Classification results"]}}]	9	1
188	2024-08-30 18:25:10.754213-05	77	TransNeXt-Small-IN1K/ImageNet-V2/ImageNet-1k/384/	1	[{"added": {}}]	8	1
189	2024-08-30 18:25:25.075246-05	3	TransNeXt-Small-IN1k	2	[{"changed": {"fields": ["Classification results"]}}]	9	1
190	2024-08-30 18:41:18.583762-05	6	ConvNeXt-Tiny/V100/224/FP32/	1	[{"added": {}}]	15	1
191	2024-08-30 18:41:55.314566-05	7	ConvNeXt-Tiny/V100/384/FP32/	1	[{"added": {}}]	15	1
192	2024-08-30 18:42:00.14683-05	5	ConvNeXt-Tiny	2	[{"changed": {"fields": ["Fps measurements"]}}]	10	1
193	2024-08-30 18:42:27.869513-05	8	ConvNeXt-Small/V100/224/FP32/	1	[{"added": {}}]	15	1
194	2024-08-30 18:43:06.860548-05	9	ConvNeXt-Small/V100/384/FP32/	1	[{"added": {}}]	15	1
195	2024-08-30 18:43:23.783961-05	6	ConvNeXt-Small	2	[{"changed": {"fields": ["Fps measurements"]}}]	10	1
196	2024-08-30 18:43:50.489434-05	10	ConvNeXt-Base/V100/224/FP32/	1	[{"added": {}}]	15	1
197	2024-08-30 18:44:12.200673-05	11	ConvNeXt-Base/V100/384/FP32/	1	[{"added": {}}]	15	1
198	2024-08-30 18:44:14.562417-05	7	ConvNeXt-Base	2	[{"changed": {"fields": ["Fps measurements"]}}]	10	1
199	2024-08-30 18:44:44.391773-05	12	ConvNeXt-Large/V100/224/FP32/	1	[{"added": {}}]	15	1
200	2024-08-30 18:45:08.884409-05	13	ConvNeXt-Large/V100/384/FP32/	1	[{"added": {}}]	15	1
201	2024-08-30 18:46:18.234868-05	8	ConvNeXt-Large	2	[{"changed": {"fields": ["Fps measurements"]}}]	10	1
202	2024-08-30 18:47:04.379378-05	14	ConvNeXt-ExtraLarge/V100/224/FP32/	1	[{"added": {}}]	15	1
203	2024-08-30 18:47:24.891913-05	15	ConvNeXt-ExtraLarge/V100/384/FP32/	1	[{"added": {}}]	15	1
204	2024-08-30 18:55:07.221647-05	16	ConvNeXt-ExtraLarge/A100/224/TF32/	1	[{"added": {}}]	15	1
205	2024-08-30 18:55:30.883337-05	17	ConvNeXt-ExtraLarge/A100/384/TF32/	1	[{"added": {}}]	15	1
206	2024-08-30 18:55:33.977969-05	9	ConvNeXt-ExtraLarge	2	[{"changed": {"fields": ["Fps measurements"]}}]	10	1
207	2024-08-30 18:56:02.39275-05	18	ConvNeXt-Tiny/A100/224/TF32/	1	[{"added": {}}]	15	1
208	2024-08-30 18:56:28.765802-05	5	ConvNeXt-Tiny	2	[{"changed": {"fields": ["Fps measurements"]}}]	10	1
209	2024-08-30 18:56:56.437496-05	19	ConvNeXt-Small/A100/224/TF32/	1	[{"added": {}}]	15	1
210	2024-08-30 18:56:59.280058-05	6	ConvNeXt-Small	2	[{"changed": {"fields": ["Fps measurements"]}}]	10	1
211	2024-08-30 18:57:27.129748-05	20	ConvNeXt-Base/A100/224/TF32/	1	[{"added": {}}]	15	1
212	2024-08-30 18:57:46.959893-05	21	ConvNeXt-Base/A100/384/TF32/	1	[{"added": {}}]	15	1
213	2024-08-30 18:57:52.402597-05	7	ConvNeXt-Base	2	[{"changed": {"fields": ["Fps measurements"]}}]	10	1
214	2024-08-30 18:58:15.414486-05	22	ConvNeXt-Large/A100/224/TF32/	1	[{"added": {}}]	15	1
215	2024-08-30 18:58:34.506497-05	23	ConvNeXt-Large/A100/384/TF32/	1	[{"added": {}}]	15	1
216	2024-08-30 18:58:35.878235-05	8	ConvNeXt-Large	2	[{"changed": {"fields": ["Fps measurements"]}}]	10	1
217	2024-08-31 17:59:36.379773-05	77	TransNeXt-Small-IN1K/ImageNet-V2/ImageNet-1k/384/	2	[{"changed": {"fields": ["Resolution"]}}]	8	1
218	2024-08-31 17:59:42.629492-05	76	TransNeXt-Small-IN1K/ImageNet-Sketch/ImageNet-1k/384/	2	[{"changed": {"fields": ["Resolution"]}}]	8	1
219	2024-08-31 17:59:47.601704-05	75	TransNeXt-Small-IN1K/ImageNet-R/ImageNet-1k/384/	2	[{"changed": {"fields": ["Resolution"]}}]	8	1
220	2024-08-31 18:00:01.67673-05	75	TransNeXt-Small-IN1K/ImageNet-R/ImageNet-1k/384/	2	[]	8	1
221	2024-08-31 18:00:07.583706-05	74	TransNeXt-Small-IN1K/ImageNet-A/ImageNet-1k/384/	2	[{"changed": {"fields": ["Resolution"]}}]	8	1
222	2024-08-31 18:00:13.584564-05	73	TransNeXt-Small-IN1K/ImageNet-1k/ImageNet-1k/384/	2	[{"changed": {"fields": ["Resolution"]}}]	8	1
223	2024-08-31 18:00:17.048889-05	73	TransNeXt-Small-IN1K/ImageNet-1k/ImageNet-1k/384/	2	[]	8	1
224	2024-08-31 18:00:20.601189-05	73	TransNeXt-Small-IN1K/ImageNet-1k/ImageNet-1k/384/	2	[]	8	1
225	2024-08-31 18:00:29.568224-05	72	TransNeXt-Base-IN1k/ImageNet-V2/ImageNet-1k/384/	2	[{"changed": {"fields": ["Resolution"]}}]	8	1
226	2024-08-31 18:00:34.981064-05	71	TransNeXt-Base-IN1k/ImageNet-Sketch/ImageNet-1k/384/	2	[{"changed": {"fields": ["Resolution"]}}]	8	1
227	2024-08-31 18:00:41.280321-05	70	TransNeXt-Base-IN1k/ImageNet-R/ImageNet-1k/384/	2	[{"changed": {"fields": ["Resolution"]}}]	8	1
228	2024-08-31 18:00:45.159814-05	70	TransNeXt-Base-IN1k/ImageNet-R/ImageNet-1k/384/	2	[]	8	1
229	2024-08-31 18:00:51.646454-05	69	TransNeXt-Base-IN1k/ImageNet-A/ImageNet-1k/384/	2	[{"changed": {"fields": ["Resolution"]}}]	8	1
230	2024-08-31 18:00:55.276375-05	69	TransNeXt-Base-IN1k/ImageNet-A/ImageNet-1k/384/	2	[]	8	1
231	2024-08-31 18:01:01.102334-05	68	TransNeXt-Base-IN1k/ImageNet-1k/ImageNet-1k/384/	2	[{"changed": {"fields": ["Resolution"]}}]	8	1
232	2024-08-31 18:01:18.427925-05	9	ConvNeXt-Large-IN22k/ImageNet-1k/ImageNet-1k/224/	2	[]	8	1
233	2024-08-31 18:01:40.048552-05	47	ConvNeXt-ExtraLarge-IN22k/ImageNet-Sketch/ImageNet-1k/384/	2	[{"changed": {"fields": ["Resolution"]}}]	8	1
234	2024-08-31 18:01:51.082242-05	46	ConvNeXt-ExtraLarge-IN22k/ImageNet-R/ImageNet-1k/384/	2	[{"changed": {"fields": ["Resolution"]}}]	8	1
235	2024-08-31 18:02:05.865281-05	45	ConvNeXt-ExtraLarge-IN22k/ImageNet-A/ImageNet-1k/384/	2	[{"changed": {"fields": ["Resolution"]}}]	8	1
236	2024-08-31 18:02:17.988288-05	44	ConvNeXt-ExtraLarge-IN22k/ImageNet-C-bar/ImageNet-1k/384/	2	[{"changed": {"fields": ["Resolution"]}}]	8	1
237	2024-08-31 18:02:29.487001-05	43	ConvNeXt-ExtraLarge-IN22k/ImageNet-C/ImageNet-1k/384/	2	[{"changed": {"fields": ["Resolution"]}}]	8	1
238	2024-08-31 18:02:45.708347-05	42	ConvNeXt-ExtraLarge-IN22k/ImageNet-1k/ImageNet-1k/384/	2	[{"changed": {"fields": ["Resolution"]}}]	8	1
239	2024-08-31 18:03:01.359706-05	41	ConvNeXt-ExtraLarge-IN22k/ImageNet-1k/ImageNet-1k/224/	2	[{"changed": {"fields": ["Resolution"]}}]	8	1
240	2024-09-01 19:11:41.896487-05	16	ConvNeXt-Small-IN22k/ImageNet-1k/ImageNet-1k/224/	2	[{"changed": {"fields": ["Resolution", "Fine-tuning epochs", "Fine-tuning resolution"]}}]	8	1
241	2024-09-06 20:17:58.801667-05	39	ConvNeXt-Large-IN22k/ImageNet-R/ImageNet-1k/384/	2	[{"changed": {"fields": ["Fine-tuning epochs"]}}]	8	1
242	2024-09-07 23:23:31.972777-05	2	ImageNet-22k	2	[{"changed": {"fields": ["Eval"]}}]	13	1
243	2024-09-07 23:23:36.440245-05	5	COCO (test)	2	[{"changed": {"fields": ["Eval"]}}]	13	1
244	2024-09-08 17:21:20.553512-05	5	COCO (test)	2	[{"changed": {"fields": ["Eval"]}}]	13	1
245	2024-09-08 17:21:23.466337-05	3	COCO (train)	2	[{"changed": {"fields": ["Eval"]}}]	13	1
246	2024-09-09 22:21:02.504351-05	2	ConvNeXt	2	[{"changed": {"fields": ["Model type"]}}]	14	1
247	2024-09-09 22:21:07.18911-05	1	TransNeXt	2	[{"changed": {"fields": ["Model type"]}}]	14	1
248	2024-09-09 22:33:50.158922-05	1	TransNeXt	2	[]	14	1
249	2024-09-09 22:33:52.518602-05	2	ConvNeXt	2	[]	14	1
250	2024-09-10 00:31:57.332235-05	3	Swin	1	[{"added": {}}]	14	1
251	2024-09-10 00:43:04.272941-05	10	Swin-T	1	[{"added": {}}]	10	1
252	2024-09-10 00:43:16.696634-05	11	Swin-S	1	[{"added": {}}]	10	1
253	2024-09-10 00:43:28.711455-05	12	Swin-B	1	[{"added": {}}]	10	1
254	2024-09-10 00:43:43.312161-05	13	Swin-L	1	[{"added": {}}]	10	1
255	2024-09-10 00:45:27.84297-05	24	Swin-T/V100/224/FP32/	1	[{"added": {}}]	15	1
256	2024-09-10 00:45:31.92015-05	10	Swin-T	2	[{"changed": {"fields": ["Fps measurements"]}}]	10	1
257	2024-09-10 00:46:03.304873-05	25	Swin-S/V100/224/FP32/	1	[{"added": {}}]	15	1
258	2024-09-10 00:46:05.59158-05	11	Swin-S	2	[{"changed": {"fields": ["Fps measurements"]}}]	10	1
259	2024-09-10 00:46:38.657955-05	26	Swin-B/V100/224/FP32/	1	[{"added": {}}]	15	1
260	2024-09-10 00:47:01.022125-05	27	Swin-B/V100/384/FP32/	1	[{"added": {}}]	15	1
261	2024-09-10 00:47:04.318303-05	12	Swin-B	2	[{"changed": {"fields": ["Fps measurements"]}}]	10	1
262	2024-09-10 00:47:29.580356-05	28	Swin-L/V100/384/FP32/	1	[{"added": {}}]	15	1
263	2024-09-10 00:47:32.060244-05	13	Swin-L	2	[{"changed": {"fields": ["Fps measurements"]}}]	10	1
264	2024-09-10 00:49:36.268379-05	29	Swin-T/V100/384/FP32/	1	[{"added": {}}]	15	1
265	2024-09-10 00:49:43.454205-05	10	Swin-T	2	[{"changed": {"fields": ["Fps measurements"]}}]	10	1
266	2024-09-10 00:50:39.086763-05	30	Swin-S/V100/384/FP32/	1	[{"added": {}}]	15	1
267	2024-09-10 00:50:41.04294-05	11	Swin-S	2	[{"changed": {"fields": ["Fps measurements"]}}]	10	1
268	2024-09-10 00:52:16.432173-05	31	Swin-T/A100/224/TF32/	1	[{"added": {}}]	15	1
269	2024-09-10 00:52:21.719191-05	10	Swin-T	2	[{"changed": {"fields": ["Fps measurements"]}}]	10	1
270	2024-09-10 00:52:45.360636-05	32	Swin-S/A100/224/TF32/	1	[{"added": {}}]	15	1
271	2024-09-10 00:52:48.810231-05	11	Swin-S	2	[{"changed": {"fields": ["Fps measurements"]}}]	10	1
272	2024-09-10 00:53:15.278291-05	33	Swin-B/A100/224/TF32/	1	[{"added": {}}]	15	1
273	2024-09-10 00:53:36.920546-05	34	Swin-B/A100/384/TF32/	1	[{"added": {}}]	15	1
274	2024-09-10 00:53:40.414579-05	12	Swin-B	2	[{"changed": {"fields": ["Fps measurements"]}}]	10	1
275	2024-09-10 00:54:06.973424-05	35	Swin-L/A100/224/TF32/	1	[{"added": {}}]	15	1
276	2024-09-10 00:54:25.068426-05	36	Swin-L/A100/384/TF32/	1	[{"added": {}}]	15	1
277	2024-09-10 00:54:35.876806-05	13	Swin-L	2	[{"changed": {"fields": ["Fps measurements"]}}]	10	1
278	2024-09-10 00:59:38.47409-05	14	Swin-T-IN1k	1	[{"added": {}}]	9	1
279	2024-09-10 01:00:20.470128-05	15	Swin-T-IN22k	1	[{"added": {}}]	9	1
280	2024-09-10 01:00:53.283714-05	16	Swin-B-IN1k	1	[{"added": {}}]	9	1
281	2024-09-10 01:01:23.419628-05	17	Swin-B-IN22k	1	[{"added": {}}]	9	1
282	2024-09-10 01:02:52.665196-05	18	Swin-S-IN1k	1	[{"added": {}}]	9	1
283	2024-09-10 01:03:35.775209-05	19	Swin-S-IN22k	1	[{"added": {}}]	9	1
284	2024-09-10 01:04:51.539596-05	20	Swin-L-IN22k	1	[{"added": {}}]	9	1
285	2024-09-10 01:07:27.679396-05	78	Swin-T-IN1k/ImageNet-1k/	1	[{"added": {}}]	8	1
286	2024-09-10 01:08:29.45176-05	79	Swin-S-IN1k/ImageNet-1k/	1	[{"added": {}}]	8	1
287	2024-09-10 01:08:56.991921-05	80	Swin-B-IN1k/ImageNet-1k/	1	[{"added": {}}]	8	1
288	2024-09-10 01:10:03.772509-05	81	Swin-B-IN1k/ImageNet-1k/ImageNet-1k/384/	1	[{"added": {}}]	8	1
289	2024-09-10 01:10:51.614627-05	82	Swin-B-IN22k/ImageNet-1k/ImageNet-1k/224/	1	[{"added": {}}]	8	1
290	2024-09-10 01:11:17.854747-05	83	Swin-B-IN22k/ImageNet-1k/ImageNet-1k/384/	1	[{"added": {}}]	8	1
291	2024-09-10 01:12:29.32619-05	84	Swin-L-IN22k/ImageNet-1k/ImageNet-1k/384/	1	[{"added": {}}]	8	1
292	2024-09-10 01:14:06.542883-05	85	Swin-L-IN22k/ImageNet-1k/ImageNet-1k/224/	1	[{"added": {}}]	8	1
293	2024-09-10 01:15:47.018177-05	78	Swin-T-IN1k/ImageNet-1k/	2	[{"changed": {"fields": ["Top-5", "Paper"]}}]	8	1
294	2024-09-10 01:17:24.68504-05	79	Swin-S-IN1k/ImageNet-1k/	2	[{"changed": {"fields": ["Top-1", "Top-5", "Paper"]}}]	8	1
295	2024-09-10 01:17:45.758282-05	78	Swin-T-IN1k/ImageNet-1k/	2	[]	8	1
296	2024-09-10 01:18:38.260084-05	86	Swin-T-IN22k/ImageNet-1k/ImageNet-1k/224/	1	[{"added": {}}]	8	1
297	2024-09-10 01:19:07.472896-05	87	Swin-S-IN22k/ImageNet-1k/ImageNet-1k/224/	1	[{"added": {}}]	8	1
298	2024-09-10 01:19:21.1982-05	80	Swin-B-IN1k/ImageNet-1k/	2	[{"changed": {"fields": ["Top-5", "Paper"]}}]	8	1
299	2024-09-10 01:19:45.781041-05	81	Swin-B-IN1k/ImageNet-1k/ImageNet-1k/384/	2	[{"changed": {"fields": ["Top-5", "Paper"]}}]	8	1
300	2024-09-10 01:20:20.028093-05	83	Swin-B-IN22k/ImageNet-1k/ImageNet-1k/384/	2	[{"changed": {"fields": ["Top-5", "Paper"]}}]	8	1
301	2024-09-10 01:20:47.959899-05	82	Swin-B-IN22k/ImageNet-1k/ImageNet-1k/224/	2	[{"changed": {"fields": ["Top-5", "Paper"]}}]	8	1
302	2024-09-10 01:21:10.403539-05	84	Swin-L-IN22k/ImageNet-1k/ImageNet-1k/384/	2	[{"changed": {"fields": ["Top-5", "Paper"]}}]	8	1
303	2024-09-10 01:21:30.192433-05	85	Swin-L-IN22k/ImageNet-1k/ImageNet-1k/224/	2	[{"changed": {"fields": ["Top-5"]}}]	8	1
304	2024-09-10 01:24:46.254919-05	37	Swin-L/V100/224/FP32/	1	[{"added": {}}]	15	1
305	2024-09-10 01:24:50.533837-05	13	Swin-L	2	[{"changed": {"fields": ["Fps measurements"]}}]	10	1
306	2024-09-10 01:25:37.488558-05	14	Swin-T-IN1k	2	[{"changed": {"fields": ["Classification results"]}}]	9	1
307	2024-09-10 01:26:15.084553-05	15	Swin-T-IN22k	2	[{"changed": {"fields": ["Classification results", "Paper"]}}]	9	1
308	2024-09-10 01:26:44.29526-05	18	Swin-S-IN1k	2	[{"changed": {"fields": ["Classification results"]}}]	9	1
309	2024-09-10 01:26:55.602955-05	19	Swin-S-IN22k	2	[{"changed": {"fields": ["Classification results"]}}]	9	1
310	2024-09-10 01:27:11.704939-05	16	Swin-B-IN1k	2	[{"changed": {"fields": ["Classification results"]}}]	9	1
311	2024-09-10 01:27:29.601168-05	17	Swin-B-IN22k	2	[{"changed": {"fields": ["Classification results"]}}]	9	1
312	2024-09-10 01:27:47.287255-05	20	Swin-L-IN22k	2	[{"changed": {"fields": ["Classification results"]}}]	9	1
313	2024-09-10 01:31:47.038994-05	18	Swin-S-IN1k	2	[]	9	1
314	2024-09-10 01:32:04.05112-05	79	Swin-S-IN1k/ImageNet-1k/	2	[]	8	1
315	2024-09-10 01:34:55.083285-05	20	Swin-L-IN22k	2	[{"changed": {"fields": ["Classification results"]}}]	9	1
316	2024-09-10 01:35:16.545577-05	17	Swin-B-IN22k	2	[{"changed": {"fields": ["Classification results"]}}]	9	1
317	2024-09-10 01:35:23.819832-05	16	Swin-B-IN1k	2	[{"changed": {"fields": ["Classification results"]}}]	9	1
318	2024-09-10 01:51:54.946676-05	22	Swin-S-IN1k/Mask R-CNN/Object Detection/COCO (val)/COCO (train)/36/	1	[{"added": {}}]	7	1
319	2024-09-10 01:53:09.838067-05	23	Swin-S-IN1k/Mask R-CNN/Instance Segmentation/COCO (val)/COCO (train)/36/	1	[{"added": {}}]	7	1
320	2024-09-10 01:53:16.927898-05	22	Swin-S-IN1k/Mask R-CNN/Object Detection/COCO (val)/COCO (train)/36/	2	[{"changed": {"fields": ["Gflops"]}}]	7	1
321	2024-09-10 01:58:55.529101-05	38	Swin-T/A100/1280/TF32/	1	[{"added": {}}]	15	1
322	2024-09-10 01:59:22.670689-05	24	Swin-T-IN1k/Mask R-CNN/Object Detection/COCO (val)/COCO (train)/36/	1	[{"added": {}}]	7	1
323	2024-09-10 02:00:21.042815-05	25	Swin-T-IN1k/Mask R-CNN/Instance Segmentation/COCO (val)/COCO (train)/36/	1	[{"added": {}}]	7	1
324	2024-09-10 02:00:32.142577-05	38	Swin-T/A100/1280/TF32/	2	[]	15	1
325	2024-09-11 19:55:31.302205-05	38	Swin-T/Mask-RCNN/A100/1280/TF32/	2	[{"changed": {"fields": ["Backbone name"]}}]	15	1
326	2024-09-11 19:56:37.673764-05	39	Swin-T/CascadeMaskRCNN/A100/1280/TF32/	1	[{"added": {}}]	15	1
327	2024-09-11 19:57:05.294245-05	40	Swin-S/CascaseMaskRCNN/A100/1280/TF32/	1	[{"added": {}}]	15	1
328	2024-09-11 19:58:02.725774-05	41	Swin-B/CascadeMaskRCNN/A100/1280/TF32/	1	[{"added": {}}]	15	1
329	2024-09-11 19:58:12.537192-05	40	Swin-S/CascaseMaskRCNN/A100/1280/TF32/	2	[]	15	1
330	2024-09-11 19:58:30.118677-05	42	Swin-L/CascadeMaskRCNN/A100/1280/TF32/	1	[{"added": {}}]	15	1
331	2024-09-11 19:58:41.371205-05	40	Swin-S/CascadeMaskRCNN/A100/1280/TF32/	2	[{"changed": {"fields": ["Backbone name"]}}]	15	1
332	2024-09-12 00:02:38.7727-05	26	Swin-T/Cascade Mask R-CNN/Object Detection/COCO (val)/COCO (train)/36/	1	[{"added": {}}]	7	1
333	2024-09-12 00:03:52.710793-05	27	Swin-T/Cascade Mask R-CNN/Instance Segmentation/COCO (val)/COCO (train)/36/	1	[{"added": {}}]	7	1
334	2024-09-12 00:04:34.755815-05	28	Swin-S/Cascade Mask R-CNN/Object Detection/COCO (val)/COCO (train)/36/	1	[{"added": {}}]	7	1
335	2024-09-12 00:05:09.455141-05	29	Swin-S/Cascade Mask R-CNN/Instance Segmentation/COCO (val)/COCO (train)/36/	1	[{"added": {}}]	7	1
336	2024-09-12 00:05:52.702371-05	30	Swin-B/Cascade Mask R-CNN/Object Detection/COCO (val)/COCO (train)/36/	1	[{"added": {}}]	7	1
337	2024-09-12 00:06:36.30146-05	31	Swin-B/Cascade Mask R-CNN/Instance Segmentation/COCO (val)/COCO (train)/36/	1	[{"added": {}}]	7	1
338	2024-09-12 00:07:24.757559-05	26	Swin-T-IN1k/Cascade Mask R-CNN/Object Detection/COCO (val)/COCO (train)/36/	2	[{"changed": {"fields": ["Pretrained backbone name"]}}]	7	1
339	2024-09-12 00:07:30.785776-05	27	Swin-T-IN1k/Cascade Mask R-CNN/Instance Segmentation/COCO (val)/COCO (train)/36/	2	[{"changed": {"fields": ["Pretrained backbone name"]}}]	7	1
340	2024-09-12 00:07:36.002517-05	28	Swin-S-IN1k/Cascade Mask R-CNN/Object Detection/COCO (val)/COCO (train)/36/	2	[{"changed": {"fields": ["Pretrained backbone name"]}}]	7	1
398	2024-09-18 11:18:39.468567-05	49	ViT-S (DeiT III)/V100/224/AMP/	1	[{"added": {}}]	15	1
341	2024-09-12 00:07:42.098155-05	29	Swin-S-IN1k/Cascade Mask R-CNN/Instance Segmentation/COCO (val)/COCO (train)/36/	2	[{"changed": {"fields": ["Pretrained backbone name"]}}]	7	1
342	2024-09-12 00:07:48.500742-05	30	Swin-B-IN1k/Cascade Mask R-CNN/Object Detection/COCO (val)/COCO (train)/36/	2	[{"changed": {"fields": ["Pretrained backbone name"]}}]	7	1
343	2024-09-12 00:07:52.749214-05	31	Swin-B-IN1k/Cascade Mask R-CNN/Instance Segmentation/COCO (val)/COCO (train)/36/	2	[{"changed": {"fields": ["Pretrained backbone name"]}}]	7	1
344	2024-09-12 00:08:32.779117-05	32	Swin-B-IN22k/Cascade Mask R-CNN/Object Detection/COCO (val)/COCO (train)/36/	1	[{"added": {}}]	7	1
345	2024-09-12 00:09:12.883224-05	33	Swin-B-IN22k/Cascade Mask R-CNN/Instance Segmentation/COCO (val)/COCO (train)/36/	1	[{"added": {}}]	7	1
346	2024-09-12 00:10:12.08917-05	34	ConvNeXt-Large-IN22k/Cascade Mask R-CNN/Object Detection/COCO (val)/COCO (train)/36/	1	[{"added": {}}]	7	1
347	2024-09-12 00:11:36.639217-05	35	Swin-L-IN22k/Cascade Mask R-CNN/Instance Segmentation/COCO (val)/COCO (train)/36/	1	[{"added": {}}]	7	1
348	2024-09-12 00:23:31.453993-05	14	Swin-T-IN1k	2	[{"changed": {"fields": ["Instance results"]}}]	9	1
349	2024-09-12 00:23:45.232685-05	18	Swin-S-IN1k	2	[{"changed": {"fields": ["Instance results"]}}]	9	1
350	2024-09-12 00:23:57.862248-05	16	Swin-B-IN1k	2	[{"changed": {"fields": ["Instance results"]}}]	9	1
351	2024-09-12 00:24:05.313776-05	17	Swin-B-IN22k	2	[{"changed": {"fields": ["Instance results"]}}]	9	1
352	2024-09-12 00:24:28.656449-05	20	Swin-L-IN22k	2	[{"changed": {"fields": ["Instance results"]}}]	9	1
353	2024-09-12 00:24:40.303691-05	18	Swin-S-IN1k	2	[{"changed": {"fields": ["Instance results"]}}]	9	1
354	2024-09-12 00:24:59.484238-05	34	Swin-L-IN22k/Cascade Mask R-CNN/Object Detection/COCO (val)/COCO (train)/36/	2	[{"changed": {"fields": ["Pretrained backbone name"]}}]	7	1
355	2024-09-12 00:25:29.481594-05	20	Swin-L-IN22k	2	[{"changed": {"fields": ["Instance results"]}}]	9	1
356	2024-09-12 00:26:23.304861-05	43	ConvNext-T/Mask-RCNN/A100/1280/TF32/	1	[{"added": {}}]	15	1
357	2024-09-12 00:26:49.273939-05	44	ConvNeXt-Tiny/Cascade-Mask-RCNN/A100/1280/TF32/	1	[{"added": {}}]	15	1
358	2024-09-12 00:27:08.122252-05	45	ConvNeXt-Small/Cascade-Mask-RCNN/A100/1280/TF32/	1	[{"added": {}}]	15	1
359	2024-09-12 00:27:32.517311-05	46	ConvNeXt-Base/Cascade-Mask-RCNN/A100/1280/TF32/	1	[{"added": {}}]	15	1
360	2024-09-12 00:27:55.037494-05	47	ConvNeXt-Large/Cascade-Mask-RCNN/A100/1280/TF32/	1	[{"added": {}}]	15	1
361	2024-09-12 00:28:12.144797-05	48	ConvNeXt-ExtraLarge/Cascade-Mask-RCNN/A100/1280/TF32/	1	[{"added": {}}]	15	1
362	2024-09-12 00:41:45.868088-05	9	ConvNeXt-Large-IN22k/Cascade Mask R-CNN/Object Detection/COCO (val)/COCO (train)/36/	2	[{"changed": {"fields": ["Fps measurements"]}}]	7	1
363	2024-09-12 00:41:58.061738-05	10	ConvNeXt-Large-IN22k/Cascade Mask R-CNN/Instance Segmentation/COCO (val)/COCO (train)/36/	2	[{"changed": {"fields": ["Fps measurements"]}}]	7	1
364	2024-09-12 00:42:10.068828-05	20	ConvNeXt-ExtraLarge-IN22k/Cascade Mask R-CNN/Object Detection/COCO (val)/COCO (train)/36/	2	[{"changed": {"fields": ["Fps measurements"]}}]	7	1
365	2024-09-12 00:42:15.779842-05	20	ConvNeXt-ExtraLarge-IN22k/Cascade Mask R-CNN/Object Detection/COCO (val)/COCO (train)/36/	2	[]	7	1
366	2024-09-12 00:42:23.261858-05	21	ConvNeXt-ExtraLarge-IN22k/Cascade Mask R-CNN/Instance Segmentation/COCO (val)/COCO (train)/36/	2	[{"changed": {"fields": ["Fps measurements"]}}]	7	1
367	2024-09-12 00:42:56.645947-05	11	ConvNeXt-Base-IN1k/Cascade Mask R-CNN/Object Detection/COCO (val)/COCO (train)/36/	2	[{"changed": {"fields": ["Fps measurements"]}}]	7	1
368	2024-09-12 00:43:03.184321-05	12	ConvNeXt-Base-IN1k/Cascade Mask R-CNN/Instance Segmentation/COCO (val)/COCO (train)/36/	2	[{"changed": {"fields": ["Fps measurements"]}}]	7	1
369	2024-09-12 00:43:11.47503-05	14	ConvNeXt-Base-IN22k/Cascade Mask R-CNN/Instance Segmentation/COCO (val)/COCO (train)/36/	2	[{"changed": {"fields": ["Fps measurements"]}}]	7	1
370	2024-09-12 00:43:23.517224-05	14	ConvNeXt-Base-IN22k/Cascade Mask R-CNN/Instance Segmentation/COCO (val)/COCO (train)/36/	2	[]	7	1
371	2024-09-12 00:43:30.74664-05	13	ConvNeXt-Base-IN22k/Cascade Mask R-CNN/Object Detection/COCO (val)/COCO (train)/36/	2	[{"changed": {"fields": ["Fps measurements"]}}]	7	1
372	2024-09-12 00:44:59.120991-05	36	ConvNeXt-Small-IN1k/Cascade Mask R-CNN/Instance Segmentation/COCO (val)/COCO (train)/36/	1	[{"added": {}}]	7	1
373	2024-09-12 00:45:09.775172-05	15	ConvNeXt-Small-IN1k/Cascade Mask R-CNN/Object Detection/COCO (val)/COCO (train)/36/	2	[{"changed": {"fields": ["Fps measurements"]}}]	7	1
374	2024-09-12 00:45:19.905642-05	16	ConvNeXt-Tiny-IN1k/Cascade Mask R-CNN/Object Detection/COCO (val)/COCO (train)/36/	2	[{"changed": {"fields": ["Fps measurements"]}}]	7	1
375	2024-09-12 00:45:34.663-05	17	ConvNeXt-Tiny-IN1k/Cascade Mask R-CNN/Instance Segmentation/COCO (val)/COCO (train)/36/	2	[{"changed": {"fields": ["Fps measurements"]}}]	7	1
376	2024-09-12 00:45:50.028103-05	18	ConvNeXt-Tiny-IN1k/Mask R-CNN/Object Detection/COCO (val)/COCO (train)/36/	2	[{"changed": {"fields": ["Fps measurements"]}}]	7	1
377	2024-09-12 00:45:59.501655-05	19	ConvNeXt-Tiny-IN1k/Mask R-CNN/Instance Segmentation/COCO (val)/COCO (train)/36/	2	[{"changed": {"fields": ["Fps measurements"]}}]	7	1
378	2024-09-12 00:46:15.388516-05	36	ConvNeXt-S-IN1k/Cascade Mask R-CNN/Instance Segmentation/COCO (val)/COCO (train)/36/	2	[{"changed": {"fields": ["Pretrained backbone name"]}}]	7	1
379	2024-09-12 00:51:51.657855-05	79	Swin-S-IN1k/ImageNet-1k/	2	[]	8	1
380	2024-09-12 00:53:51.863069-05	18	Swin-S-IN1k	2	[]	9	1
381	2024-09-12 01:04:19.836722-05	88	Swin-T/ImageNet-C/	1	[{"added": {}}]	8	1
382	2024-09-12 01:04:46.955748-05	89	Swin-T-IN1k/ImageNet-A/	1	[{"added": {}}]	8	1
383	2024-09-12 01:05:04.753914-05	90	Swin-T-IN1k/ImageNet-R/	1	[{"added": {}}]	8	1
384	2024-09-12 01:05:22.923766-05	91	Swin-T-IN1k/ImageNet-Sketch/	1	[{"added": {}}]	8	1
385	2024-09-12 01:05:29.963139-05	88	Swin-T-IN1k/ImageNet-C/	2	[{"changed": {"fields": ["Pretrained backbone name"]}}]	8	1
386	2024-09-12 01:06:08.13098-05	92	Swin-B-IN1k/ImageNet-C/	1	[{"added": {}}]	8	1
387	2024-09-12 01:06:27.139459-05	93	Swin-B-IN1k/ImageNet-A/	1	[{"added": {}}]	8	1
388	2024-09-12 01:06:44.186048-05	94	Swin-B-IN1k/ImageNet-R/	1	[{"added": {}}]	8	1
389	2024-09-12 01:07:02.552743-05	95	Swin-B-IN1k/ImageNet-Sketch/	1	[{"added": {}}]	8	1
390	2024-09-12 01:08:18.373782-05	14	Swin-T-IN1k	2	[{"changed": {"fields": ["Classification results"]}}]	9	1
391	2024-09-12 01:08:38.411176-05	16	Swin-B-IN1k	2	[{"changed": {"fields": ["Classification results"]}}]	9	1
392	2024-09-12 01:14:48.713551-05	94	Swin-B-IN1k/ImageNet-R/	2	[{"changed": {"fields": ["Gflops"]}}]	8	1
393	2024-09-18 11:15:11.06069-05	4	DeiT III	1	[{"added": {}}]	14	1
394	2024-09-18 11:16:16.541296-05	14	ViT-S (DeiT III)	1	[{"added": {}}]	10	1
395	2024-09-18 11:16:34.508231-05	15	ViT-B (DeiT III)	1	[{"added": {}}]	10	1
396	2024-09-18 11:17:06.44792-05	16	ViT-L (DeiT III)	1	[{"added": {}}]	10	1
397	2024-09-18 11:17:47.140225-05	17	ViT-H (DeiT III)	1	[{"added": {}}]	10	1
399	2024-09-18 11:19:00.117053-05	50	ViT-S (DeiT III)/V100/384/AMP/	1	[{"added": {}}]	15	1
400	2024-09-18 11:19:13.783967-05	51	ViT-B (DeiT III)/V100/224/AMP/	1	[{"added": {}}]	15	1
401	2024-09-18 11:19:23.823585-05	52	ViT-B (DeiT III)/V100/384/AMP/	1	[{"added": {}}]	15	1
402	2024-09-18 11:19:34.889696-05	53	ViT-L (DeiT III)/V100/224/AMP/	1	[{"added": {}}]	15	1
403	2024-09-18 11:19:54.620654-05	54	ViT-L (DeiT III)/V100/384/AMP/	1	[{"added": {}}]	15	1
404	2024-09-18 11:20:17.18183-05	55	ViT-H (DeiT III)/V100/224/AMP/	1	[{"added": {}}]	15	1
405	2024-09-18 11:20:48.817921-05	56	Swin-T/V100/224/AMP/	1	[{"added": {}}]	15	1
406	2024-09-18 11:21:08.764596-05	57	Swin-S/V100/224/AMP/	1	[{"added": {}}]	15	1
407	2024-09-18 11:21:20.347886-05	58	Swin-B/V100/224/AMP/	1	[{"added": {}}]	15	1
408	2024-09-18 11:21:32.206406-05	59	Swin-B/V100/384/AMP/	1	[{"added": {}}]	15	1
409	2024-09-18 11:31:06.491408-05	60	ConvNeXt-B/V100/224/AMP/	1	[{"added": {}}]	15	1
410	2024-09-18 11:31:17.187554-05	60	ConvNeXt-B/V100/224/AMP/	2	[]	15	1
411	2024-09-18 11:31:33.654354-05	61	ConvNeXt-B/V100/384/AMP/	1	[{"added": {}}]	15	1
412	2024-09-18 11:31:45.661821-05	62	ConvNeXt-L/V100/224/AMP/	1	[{"added": {}}]	15	1
413	2024-09-18 11:32:08.112506-05	63	ConvNeXt-L/V100/384/AMP/	1	[{"added": {}}]	15	1
414	2024-09-18 11:32:20.397879-05	48	ConvNeXt-XL/Cascade-Mask-RCNN/A100/1280/TF32/	2	[{"changed": {"fields": ["Backbone name"]}}]	15	1
415	2024-09-18 11:32:26.221818-05	47	ConvNeXt-L/Cascade-Mask-RCNN/A100/1280/TF32/	2	[{"changed": {"fields": ["Backbone name"]}}]	15	1
416	2024-09-18 11:33:39.618472-05	46	ConvNeXt-B/Cascade-Mask-RCNN/A100/1280/TF32/	2	[{"changed": {"fields": ["Backbone name"]}}]	15	1
417	2024-09-18 11:33:47.382163-05	45	ConvNeXt-S/Cascade-Mask-RCNN/A100/1280/TF32/	2	[{"changed": {"fields": ["Backbone name"]}}]	15	1
418	2024-09-18 11:33:54.806762-05	44	ConvNeXt-T/Cascade-Mask-RCNN/A100/1280/TF32/	2	[{"changed": {"fields": ["Backbone name"]}}]	15	1
419	2024-09-18 11:34:04.293969-05	23	ConvNeXt-L/A100/384/TF32/	2	[{"changed": {"fields": ["Backbone name"]}}]	15	1
420	2024-09-18 11:34:09.915803-05	1	TransNeXt-B/V100/224/FP16/	2	[{"changed": {"fields": ["Backbone name"]}}]	15	1
421	2024-09-18 11:34:15.3091-05	2	TransNeXt-S/V100/224/FP16/	2	[{"changed": {"fields": ["Backbone name"]}}]	15	1
422	2024-09-18 11:34:21.314004-05	3	TransNeXt-T/V100/224/FP16/	2	[{"changed": {"fields": ["Backbone name"]}}]	15	1
423	2024-09-18 11:34:27.09642-05	4	TransNeXt-T/V100/224/FP32/	2	[{"changed": {"fields": ["Backbone name"]}}]	15	1
424	2024-09-18 11:34:37.119852-05	6	ConvNeXt-T/V100/224/FP32/	2	[{"changed": {"fields": ["Backbone name"]}}]	15	1
425	2024-09-18 11:34:48.299346-05	7	ConvNeXt-T/V100/384/FP32/	2	[{"changed": {"fields": ["Backbone name"]}}]	15	1
426	2024-09-18 11:34:53.704876-05	8	ConvNeXt-S/V100/224/FP32/	2	[{"changed": {"fields": ["Backbone name"]}}]	15	1
427	2024-09-18 11:34:58.485945-05	9	ConvNeXt-S/V100/384/FP32/	2	[{"changed": {"fields": ["Backbone name"]}}]	15	1
428	2024-09-18 11:35:03.244848-05	10	ConvNeXt-B/V100/224/FP32/	2	[{"changed": {"fields": ["Backbone name"]}}]	15	1
429	2024-09-18 11:35:07.75592-05	11	ConvNeXt-B/V100/384/FP32/	2	[{"changed": {"fields": ["Backbone name"]}}]	15	1
430	2024-09-18 11:35:12.4342-05	12	ConvNeXt-L/V100/224/FP32/	2	[{"changed": {"fields": ["Backbone name"]}}]	15	1
431	2024-09-18 11:35:16.879475-05	13	ConvNeXt-L/V100/384/FP32/	2	[{"changed": {"fields": ["Backbone name"]}}]	15	1
432	2024-09-18 11:35:22.473296-05	14	ConvNeXt-XL/V100/224/FP32/	2	[{"changed": {"fields": ["Backbone name"]}}]	15	1
433	2024-09-18 11:35:29.134254-05	15	ConvNeXt-XL/V100/384/FP32/	2	[{"changed": {"fields": ["Backbone name"]}}]	15	1
434	2024-09-18 11:35:34.222586-05	16	ConvNeXt-XL/A100/224/TF32/	2	[{"changed": {"fields": ["Backbone name"]}}]	15	1
435	2024-09-18 11:35:39.354646-05	17	ConvNeXt-XL/A100/384/TF32/	2	[{"changed": {"fields": ["Backbone name"]}}]	15	1
436	2024-09-18 11:35:44.410401-05	18	ConvNeXt-T/A100/224/TF32/	2	[{"changed": {"fields": ["Backbone name"]}}]	15	1
437	2024-09-18 11:35:48.831112-05	19	ConvNeXt-S/A100/224/TF32/	2	[{"changed": {"fields": ["Backbone name"]}}]	15	1
438	2024-09-18 11:35:53.295266-05	20	ConvNeXt-B/A100/224/TF32/	2	[{"changed": {"fields": ["Backbone name"]}}]	15	1
439	2024-09-18 11:35:58.077539-05	21	ConvNeXt-B/A100/384/TF32/	2	[{"changed": {"fields": ["Backbone name"]}}]	15	1
440	2024-09-18 11:36:03.299565-05	22	ConvNeXt-L/A100/224/TF32/	2	[{"changed": {"fields": ["Backbone name"]}}]	15	1
441	2024-09-18 11:36:41.053738-05	9	ConvNeXt-XL	2	[{"changed": {"fields": ["Name"]}}]	10	1
442	2024-09-18 11:36:45.712415-05	8	ConvNeXt-L	2	[{"changed": {"fields": ["Name"]}}]	10	1
443	2024-09-18 11:36:49.439693-05	7	ConvNeXt-B	2	[{"changed": {"fields": ["Name"]}}]	10	1
444	2024-09-18 11:36:53.782741-05	6	ConvNeXt-S	2	[{"changed": {"fields": ["Name"]}}]	10	1
445	2024-09-18 11:36:57.609962-05	5	ConvNeXt-T	2	[{"changed": {"fields": ["Name"]}}]	10	1
446	2024-09-18 11:37:01.907116-05	4	TransNeXt-B	2	[{"changed": {"fields": ["Name"]}}]	10	1
447	2024-09-18 11:37:06.211247-05	3	TransNeXt-S	2	[{"changed": {"fields": ["Name"]}}]	10	1
448	2024-09-18 11:37:10.2138-05	2	TransNeXt-T	2	[{"changed": {"fields": ["Name"]}}]	10	1
449	2024-09-18 11:37:14.947089-05	1	TransNeXt-Micro	2	[]	10	1
450	2024-09-18 11:37:30.731602-05	2	TransNeXt-T-IN1K/ImageNet-1k/	2	[{"changed": {"fields": ["Pretrained backbone name"]}}]	8	1
451	2024-09-18 11:37:39.235263-05	77	TransNeXt-S-IN1K/ImageNet-V2/ImageNet-1k/384/	2	[{"changed": {"fields": ["Pretrained backbone name"]}}]	8	1
452	2024-09-18 11:37:46.528507-05	76	TransNeXt-S-IN1K/ImageNet-Sketch/ImageNet-1k/384/	2	[{"changed": {"fields": ["Pretrained backbone name"]}}]	8	1
453	2024-09-18 11:37:52.828559-05	75	TransNeXt-S-IN1K/ImageNet-R/ImageNet-1k/384/	2	[{"changed": {"fields": ["Pretrained backbone name"]}}]	8	1
454	2024-09-18 11:38:01.93767-05	3	TransNeXt-S-IN1K/ImageNet-1k/	2	[{"changed": {"fields": ["Pretrained backbone name"]}}]	8	1
455	2024-09-18 11:44:07.31258-05	74	TransNeXt-S-IN1K/ImageNet-A/ImageNet-1k/384/	2	[{"changed": {"fields": ["Pretrained backbone name"]}}]	8	1
456	2024-09-18 11:44:14.208175-05	73	TransNeXt-S-IN1K/ImageNet-1k/ImageNet-1k/384/	2	[{"changed": {"fields": ["Pretrained backbone name"]}}]	8	1
457	2024-09-18 11:44:20.118981-05	72	TransNeXt-B-IN1k/ImageNet-V2/ImageNet-1k/384/	2	[{"changed": {"fields": ["Pretrained backbone name"]}}]	8	1
458	2024-09-18 11:44:25.167241-05	71	TransNeXt-B-IN1k/ImageNet-Sketch/ImageNet-1k/384/	2	[{"changed": {"fields": ["Pretrained backbone name"]}}]	8	1
459	2024-09-18 11:44:59.038723-05	70	TransNeXt-B-IN1k/ImageNet-R/ImageNet-1k/384/	2	[{"changed": {"fields": ["Pretrained backbone name"]}}]	8	1
460	2024-09-18 11:45:05.130847-05	69	TransNeXt-B-IN1k/ImageNet-A/ImageNet-1k/384/	2	[{"changed": {"fields": ["Pretrained backbone name"]}}]	8	1
461	2024-09-18 11:45:10.693532-05	68	TransNeXt-B-IN1k/ImageNet-1k/ImageNet-1k/384/	2	[{"changed": {"fields": ["Pretrained backbone name"]}}]	8	1
570	2024-09-18 12:07:42.889489-05	25	ViT-L (DeiT III)-IN1k	1	[{"added": {}}]	9	1
462	2024-09-18 11:45:16.201283-05	67	TransNeXt-B-IN1k/ImageNet-V2/	2	[{"changed": {"fields": ["Pretrained backbone name"]}}]	8	1
463	2024-09-18 11:45:22.782634-05	66	TransNeXt-B-IN1k/ImageNet-Sketch/	2	[{"changed": {"fields": ["Pretrained backbone name"]}}]	8	1
464	2024-09-18 11:45:28.281524-05	65	TransNeXt-B-IN1k/ImageNet-R/	2	[{"changed": {"fields": ["Pretrained backbone name"]}}]	8	1
465	2024-09-18 11:45:35.338885-05	64	TransNeXt-B-IN1k/ImageNet-A/	2	[{"changed": {"fields": ["Pretrained backbone name"]}}]	8	1
466	2024-09-18 11:45:40.54591-05	63	TransNeXt-B-IN1k/ImageNet-C/	2	[{"changed": {"fields": ["Pretrained backbone name"]}}]	8	1
467	2024-09-18 11:45:46.628098-05	62	TransNeXt-S-IN1K/ImageNet-V2/	2	[{"changed": {"fields": ["Pretrained backbone name"]}}]	8	1
468	2024-09-18 11:45:53.010264-05	60	TransNeXt-S-IN1K/ImageNet-R/	2	[{"changed": {"fields": ["Pretrained backbone name"]}}]	8	1
469	2024-09-18 11:45:58.127263-05	61	TransNeXt-S-IN1K/ImageNet-Sketch/	2	[{"changed": {"fields": ["Pretrained backbone name"]}}]	8	1
470	2024-09-18 11:46:05.058769-05	53	TransNeXt-T-IN1K/ImageNet-C/	2	[{"changed": {"fields": ["Pretrained backbone name"]}}]	8	1
471	2024-09-18 11:46:11.949285-05	59	TransNeXt-S-IN1K/ImageNet-A/	2	[{"changed": {"fields": ["Pretrained backbone name"]}}]	8	1
472	2024-09-18 11:46:19.203528-05	54	TransNeXt-T-IN1K/ImageNet-A/	2	[{"changed": {"fields": ["Pretrained backbone name"]}}]	8	1
473	2024-09-18 11:46:25.498514-05	58	TransNeXt-S-IN1K/ImageNet-C/	2	[{"changed": {"fields": ["Pretrained backbone name"]}}]	8	1
474	2024-09-18 11:46:32.09167-05	57	TransNeXt-T-IN1K/ImageNet-V2/	2	[{"changed": {"fields": ["Pretrained backbone name"]}}]	8	1
475	2024-09-18 11:46:38.705666-05	56	TransNeXt-T-IN1K/ImageNet-Sketch/	2	[{"changed": {"fields": ["Pretrained backbone name"]}}]	8	1
476	2024-09-18 11:46:45.591663-05	55	TransNeXt-T-IN1K/ImageNet-R/	2	[{"changed": {"fields": ["Pretrained backbone name"]}}]	8	1
477	2024-09-18 11:46:53.64297-05	47	ConvNeXt-XL-IN22k/ImageNet-Sketch/ImageNet-1k/384/	2	[{"changed": {"fields": ["Pretrained backbone name"]}}]	8	1
478	2024-09-18 11:47:00.760625-05	4	TransNeXt-B-IN1k/ImageNet-1k/	2	[{"changed": {"fields": ["Pretrained backbone name"]}}]	8	1
479	2024-09-18 11:47:07.409576-05	5	ConvNeXt-L-IN1k/ImageNet-1k/	2	[{"changed": {"fields": ["Pretrained backbone name"]}}]	8	1
480	2024-09-18 11:47:12.968263-05	8	ConvNeXt-L-IN1k/ImageNet-1k/ImageNet-1k/384/	2	[{"changed": {"fields": ["Pretrained backbone name"]}}]	8	1
481	2024-09-18 11:47:17.722641-05	9	ConvNeXt-L-IN22k/ImageNet-1k/ImageNet-1k/224/	2	[{"changed": {"fields": ["Pretrained backbone name"]}}]	8	1
482	2024-09-18 11:47:24.971257-05	10	ConvNeXt-L-IN22k/ImageNet-1k/ImageNet-1k/384/	2	[{"changed": {"fields": ["Pretrained backbone name"]}}]	8	1
483	2024-09-18 11:47:30.27411-05	11	ConvNeXt-B-IN1k/ImageNet-1k/	2	[{"changed": {"fields": ["Pretrained backbone name"]}}]	8	1
484	2024-09-18 11:47:35.348516-05	12	ConvNeXt-B-IN1k/ImageNet-1k/ImageNet-1k/384/	2	[{"changed": {"fields": ["Pretrained backbone name"]}}]	8	1
485	2024-09-18 11:47:40.592331-05	13	ConvNeXt-B-IN22k/ImageNet-1k/ImageNet-1k/224/	2	[{"changed": {"fields": ["Pretrained backbone name"]}}]	8	1
486	2024-09-18 11:47:45.978616-05	14	ConvNeXt-B-IN22k/ImageNet-1k/ImageNet-1k/384/	2	[{"changed": {"fields": ["Pretrained backbone name"]}}]	8	1
487	2024-09-18 11:47:51.384013-05	15	ConvNeXt-S-IN1k/ImageNet-1k/	2	[{"changed": {"fields": ["Pretrained backbone name"]}}]	8	1
488	2024-09-18 11:47:56.696187-05	16	ConvNeXt-S-IN22k/ImageNet-1k/ImageNet-1k/224/	2	[{"changed": {"fields": ["Pretrained backbone name"]}}]	8	1
489	2024-09-18 11:48:02.449129-05	17	ConvNeXt-S-IN22k/ImageNet-1k/ImageNet-1k/384/	2	[{"changed": {"fields": ["Pretrained backbone name"]}}]	8	1
490	2024-09-18 11:48:08.134139-05	18	ConvNeXt-T-IN1k/ImageNet-1k/	2	[{"changed": {"fields": ["Pretrained backbone name"]}}]	8	1
491	2024-09-18 11:48:13.517953-05	19	ConvNeXt-T-IN22k/ImageNet-1k/ImageNet-1k/224/	2	[{"changed": {"fields": ["Pretrained backbone name"]}}]	8	1
492	2024-09-18 11:48:18.258366-05	20	ConvNeXt-T-IN22k/ImageNet-1k/ImageNet-1k/384/	2	[{"changed": {"fields": ["Pretrained backbone name"]}}]	8	1
493	2024-09-18 11:48:23.227957-05	21	ConvNeXt-T-IN1k/ImageNet-C/	2	[{"changed": {"fields": ["Pretrained backbone name"]}}]	8	1
494	2024-09-18 11:48:27.662683-05	22	ConvNeXt-T-IN1k/ImageNet-C-bar/	2	[{"changed": {"fields": ["Pretrained backbone name"]}}]	8	1
495	2024-09-18 11:48:32.236341-05	23	ConvNeXt-T-IN1k/ImageNet-A/	2	[{"changed": {"fields": ["Pretrained backbone name"]}}]	8	1
496	2024-09-18 11:48:36.835002-05	24	ConvNeXt-T-IN1k/ImageNet-R/	2	[{"changed": {"fields": ["Pretrained backbone name"]}}]	8	1
497	2024-09-18 11:48:41.667153-05	25	ConvNeXt-T-IN1k/ImageNet-Sketch/	2	[{"changed": {"fields": ["Pretrained backbone name"]}}]	8	1
498	2024-09-18 11:48:47.188628-05	46	ConvNeXt-XL-IN22k/ImageNet-R/ImageNet-1k/384/	2	[{"changed": {"fields": ["Pretrained backbone name"]}}]	8	1
499	2024-09-18 11:48:53.100321-05	45	ConvNeXt-XL-IN22k/ImageNet-A/ImageNet-1k/384/	2	[{"changed": {"fields": ["Pretrained backbone name"]}}]	8	1
500	2024-09-18 11:49:00.443037-05	44	ConvNeXt-XL-IN22k/ImageNet-C-bar/ImageNet-1k/384/	2	[{"changed": {"fields": ["Pretrained backbone name"]}}]	8	1
501	2024-09-18 11:49:05.97106-05	43	ConvNeXt-XL-IN22k/ImageNet-C/ImageNet-1k/384/	2	[{"changed": {"fields": ["Pretrained backbone name"]}}]	8	1
502	2024-09-18 11:49:11.787432-05	41	ConvNeXt-XL-IN22k/ImageNet-1k/ImageNet-1k/224/	2	[{"changed": {"fields": ["Pretrained backbone name"]}}]	8	1
503	2024-09-18 11:49:19.509753-05	40	ConvNeXt-L-IN22k/ImageNet-Sketch/ImageNet-1k/384/	2	[{"changed": {"fields": ["Pretrained backbone name"]}}]	8	1
504	2024-09-18 11:49:25.544658-05	39	ConvNeXt-L-IN22k/ImageNet-R/ImageNet-1k/384/	2	[{"changed": {"fields": ["Pretrained backbone name"]}}]	8	1
505	2024-09-18 11:49:31.316535-05	42	ConvNeXt-XL-IN22k/ImageNet-1k/ImageNet-1k/384/	2	[{"changed": {"fields": ["Pretrained backbone name"]}}]	8	1
506	2024-09-18 11:49:37.784736-05	38	ConvNeXt-L-IN22k/ImageNet-A/ImageNet-1k/384/	2	[{"changed": {"fields": ["Pretrained backbone name"]}}]	8	1
507	2024-09-18 11:49:43.09722-05	26	ConvNeXt-B-IN1k/ImageNet-C/	2	[{"changed": {"fields": ["Pretrained backbone name"]}}]	8	1
508	2024-09-18 11:49:47.972177-05	27	ConvNeXt-B-IN1k/ImageNet-C-bar/	2	[{"changed": {"fields": ["Pretrained backbone name"]}}]	8	1
509	2024-09-18 11:49:53.522121-05	28	ConvNeXt-B-IN1k/ImageNet-A/	2	[{"changed": {"fields": ["Pretrained backbone name"]}}]	8	1
510	2024-09-18 11:49:58.78239-05	29	ConvNeXt-B-IN1k/ImageNet-R/	2	[{"changed": {"fields": ["Pretrained backbone name"]}}]	8	1
511	2024-09-18 11:50:04.456195-05	30	ConvNeXt-B-IN1k/ImageNet-Sketch/	2	[{"changed": {"fields": ["Pretrained backbone name"]}}]	8	1
512	2024-09-18 11:50:10.479992-05	31	ConvNeXt-B-IN22k/ImageNet-C/ImageNet-1k/384/	2	[{"changed": {"fields": ["Pretrained backbone name"]}}]	8	1
513	2024-09-18 11:50:15.94178-05	32	ConvNeXt-B-IN22k/ImageNet-C-bar/ImageNet-1k/384/	2	[{"changed": {"fields": ["Pretrained backbone name"]}}]	8	1
571	2024-09-18 12:08:10.694324-05	26	ViT-L (DeiT III)-IN22k	1	[{"added": {}}]	9	1
514	2024-09-18 11:50:20.928704-05	33	ConvNeXt-B-IN22k/ImageNet-A/ImageNet-1k/384/	2	[{"changed": {"fields": ["Pretrained backbone name"]}}]	8	1
515	2024-09-18 11:50:26.320918-05	34	ConvNeXt-B-IN22k/ImageNet-R/ImageNet-1k/384/	2	[{"changed": {"fields": ["Pretrained backbone name"]}}]	8	1
516	2024-09-18 11:50:31.559047-05	35	ConvNeXt-B-IN22k/ImageNet-Sketch/ImageNet-1k/384/	2	[{"changed": {"fields": ["Pretrained backbone name"]}}]	8	1
517	2024-09-18 11:50:37.677409-05	36	ConvNeXt-L-IN22k/ImageNet-C/ImageNet-1k/384/	2	[{"changed": {"fields": ["Pretrained backbone name"]}}]	8	1
518	2024-09-18 11:50:43.794696-05	37	ConvNeXt-L-IN22k/ImageNet-C-bar/ImageNet-1k/384/	2	[{"changed": {"fields": ["Pretrained backbone name"]}}]	8	1
519	2024-09-18 11:51:02.090576-05	3	TransNeXt-T-IN1k/Mask R-CNN/Object Detection/COCO (val)/COCO (train)/12/	2	[{"changed": {"fields": ["Pretrained backbone name"]}}]	7	1
520	2024-09-18 11:51:06.893001-05	4	TransNeXt-T-IN1k/Mask R-CNN/Instance Segmentation/COCO (val)/COCO (train)/12/	2	[{"changed": {"fields": ["Pretrained backbone name"]}}]	7	1
521	2024-09-18 11:51:12.434554-05	5	TransNeXt-S-IN1k/Mask R-CNN/Object Detection/COCO (val)/COCO (train)/12/	2	[{"changed": {"fields": ["Pretrained backbone name"]}}]	7	1
522	2024-09-18 11:51:17.337477-05	6	TransNeXt-S-IN1k/Mask R-CNN/Instance Segmentation/COCO (val)/COCO (train)/12/	2	[{"changed": {"fields": ["Pretrained backbone name"]}}]	7	1
523	2024-09-18 11:51:23.092448-05	7	TransNeXt-B-IN1k/Mask R-CNN/Object Detection/COCO (val)/COCO (train)/12/	2	[{"changed": {"fields": ["Pretrained backbone name"]}}]	7	1
524	2024-09-18 11:51:30.223534-05	8	TransNeXt-B-IN1k/Mask R-CNN/Instance Segmentation/COCO (val)/COCO (train)/12/	2	[{"changed": {"fields": ["Pretrained backbone name"]}}]	7	1
525	2024-09-18 11:51:36.954624-05	9	ConvNeXt-L-IN22k/Cascade Mask R-CNN/Object Detection/COCO (val)/COCO (train)/36/	2	[{"changed": {"fields": ["Pretrained backbone name"]}}]	7	1
526	2024-09-18 11:51:42.754466-05	10	ConvNeXt-L-IN22k/Cascade Mask R-CNN/Instance Segmentation/COCO (val)/COCO (train)/36/	2	[{"changed": {"fields": ["Pretrained backbone name"]}}]	7	1
527	2024-09-18 11:51:48.75573-05	11	ConvNeXt-B-IN1k/Cascade Mask R-CNN/Object Detection/COCO (val)/COCO (train)/36/	2	[{"changed": {"fields": ["Pretrained backbone name"]}}]	7	1
528	2024-09-18 11:51:54.192383-05	12	ConvNeXt-B-IN1k/Cascade Mask R-CNN/Instance Segmentation/COCO (val)/COCO (train)/36/	2	[{"changed": {"fields": ["Pretrained backbone name"]}}]	7	1
529	2024-09-18 11:51:58.97454-05	13	ConvNeXt-B-IN22k/Cascade Mask R-CNN/Object Detection/COCO (val)/COCO (train)/36/	2	[{"changed": {"fields": ["Pretrained backbone name"]}}]	7	1
530	2024-09-18 11:52:03.766584-05	14	ConvNeXt-B-IN22k/Cascade Mask R-CNN/Instance Segmentation/COCO (val)/COCO (train)/36/	2	[{"changed": {"fields": ["Pretrained backbone name"]}}]	7	1
531	2024-09-18 11:52:09.45165-05	15	ConvNeXt-S-IN1k/Cascade Mask R-CNN/Object Detection/COCO (val)/COCO (train)/36/	2	[{"changed": {"fields": ["Pretrained backbone name"]}}]	7	1
532	2024-09-18 11:52:14.643538-05	16	ConvNeXt-T-IN1k/Cascade Mask R-CNN/Object Detection/COCO (val)/COCO (train)/36/	2	[{"changed": {"fields": ["Pretrained backbone name"]}}]	7	1
533	2024-09-18 11:52:20.774293-05	18	ConvNeXt-T-IN1k/Mask R-CNN/Object Detection/COCO (val)/COCO (train)/36/	2	[{"changed": {"fields": ["Pretrained backbone name"]}}]	7	1
534	2024-09-18 11:52:26.597051-05	17	ConvNeXt-T-IN1k/Cascade Mask R-CNN/Instance Segmentation/COCO (val)/COCO (train)/36/	2	[{"changed": {"fields": ["Pretrained backbone name"]}}]	7	1
535	2024-09-18 11:52:32.180808-05	19	ConvNeXt-T-IN1k/Mask R-CNN/Instance Segmentation/COCO (val)/COCO (train)/36/	2	[{"changed": {"fields": ["Pretrained backbone name"]}}]	7	1
536	2024-09-18 11:52:40.090088-05	21	ConvNeXt-XL-IN22k/Cascade Mask R-CNN/Instance Segmentation/COCO (val)/COCO (train)/36/	2	[{"changed": {"fields": ["Pretrained backbone name"]}}]	7	1
537	2024-09-18 11:52:45.554797-05	20	ConvNeXt-XL-IN22k/Cascade Mask R-CNN/Object Detection/COCO (val)/COCO (train)/36/	2	[{"changed": {"fields": ["Pretrained backbone name"]}}]	7	1
538	2024-09-18 11:53:01.017803-05	13	ConvNeXt-XL-IN22k	2	[{"changed": {"fields": ["Name"]}}]	9	1
539	2024-09-18 11:53:05.602405-05	12	ConvNeXt-T-IN22k	2	[{"changed": {"fields": ["Name"]}}]	9	1
540	2024-09-18 11:53:10.370717-05	11	ConvNeXt-T-IN1k	2	[{"changed": {"fields": ["Name"]}}]	9	1
541	2024-09-18 11:53:16.498212-05	10	ConvNeXt-S-IN22k	2	[{"changed": {"fields": ["Name"]}}]	9	1
542	2024-09-18 11:53:20.848162-05	9	ConvNeXt-S-IN1k	2	[{"changed": {"fields": ["Name"]}}]	9	1
543	2024-09-18 11:53:26.051519-05	8	ConvNeXt-B-IN22k	2	[{"changed": {"fields": ["Name"]}}]	9	1
544	2024-09-18 11:53:30.62915-05	7	ConvNeXt-B-IN1k	2	[{"changed": {"fields": ["Name"]}}]	9	1
545	2024-09-18 11:53:36.286937-05	6	ConvNeXt-L-IN22k	2	[{"changed": {"fields": ["Name"]}}]	9	1
546	2024-09-18 11:53:41.057606-05	5	ConvNeXt-L-IN1k	2	[{"changed": {"fields": ["Name"]}}]	9	1
547	2024-09-18 11:53:45.140922-05	4	TransNeXt-B-IN1k	2	[{"changed": {"fields": ["Name"]}}]	9	1
548	2024-09-18 11:53:49.815073-05	3	TransNeXt-S-IN1k	2	[{"changed": {"fields": ["Name"]}}]	9	1
549	2024-09-18 11:53:55.545129-05	2	TransNeXt-T-IN1k	2	[{"changed": {"fields": ["Name"]}}]	9	1
550	2024-09-18 11:53:59.472342-05	1	TransNeXt-Micro-IN1k	2	[]	9	1
551	2024-09-18 11:54:58.598842-05	10	Swin-T	2	[{"changed": {"fields": ["Fps measurements"]}}]	10	1
552	2024-09-18 11:55:13.636306-05	11	Swin-S	2	[{"changed": {"fields": ["Fps measurements"]}}]	10	1
553	2024-09-18 11:55:27.098473-05	12	Swin-B	2	[{"changed": {"fields": ["Fps measurements"]}}]	10	1
554	2024-09-18 11:56:01.567131-05	7	ConvNeXt-B	2	[{"changed": {"fields": ["Fps measurements"]}}]	10	1
555	2024-09-18 11:56:11.524423-05	8	ConvNeXt-L	2	[{"changed": {"fields": ["Fps measurements"]}}]	10	1
556	2024-09-18 11:56:52.659861-05	14	ViT-S (DeiT III)	2	[{"changed": {"fields": ["Fps measurements"]}}]	10	1
557	2024-09-18 11:57:00.838088-05	15	ViT-B (DeiT III)	2	[{"changed": {"fields": ["Fps measurements"]}}]	10	1
558	2024-09-18 11:57:07.863622-05	16	ViT-L (DeiT III)	2	[{"changed": {"fields": ["Fps measurements"]}}]	10	1
559	2024-09-18 11:57:12.81928-05	17	ViT-H (DeiT III)	2	[{"changed": {"fields": ["Fps measurements"]}}]	10	1
560	2024-09-18 11:59:45.223254-05	64	Swin-L/V100/224/AMP/	1	[{"added": {}}]	15	1
561	2024-09-18 11:59:56.691319-05	65	Swin-L/V100/384/AMP/	1	[{"added": {}}]	15	1
562	2024-09-18 12:00:28.627989-05	66	ConvNeXt-XL/V100/224/AMP/	1	[{"added": {}}]	15	1
563	2024-09-18 12:01:09.786267-05	67	ConvNeXt-XL/V100/384/AMP/	1	[{"added": {}}]	15	1
564	2024-09-18 12:01:23.248838-05	9	ConvNeXt-XL	2	[{"changed": {"fields": ["Fps measurements"]}}]	10	1
565	2024-09-18 12:01:43.184354-05	13	Swin-L	2	[{"changed": {"fields": ["Fps measurements"]}}]	10	1
566	2024-09-18 12:06:15.276115-05	21	ViT-S (DeiT III)-IN1k	1	[{"added": {}}]	9	1
567	2024-09-18 12:06:35.45818-05	22	ViT-S (DeiT III)-IN22k	1	[{"added": {}}]	9	1
568	2024-09-18 12:06:55.636642-05	23	ViT-B (DeiT III)-IN1k	1	[{"added": {}}]	9	1
569	2024-09-18 12:07:14.560049-05	24	ViT-B (DeiT III)-IN22k	1	[{"added": {}}]	9	1
572	2024-09-18 12:08:29.370423-05	27	ViT-H (DeiT III)-IN1k	1	[{"added": {}}]	9	1
573	2024-09-18 12:08:48.336959-05	28	ViT-H (DeiT III)-IN22k	1	[{"added": {}}]	9	1
574	2024-09-18 12:13:22.376576-05	96	ViT-S (DeiT III)-IN1k/ImageNet-1k/ImageNet-1k/224/	1	[{"added": {}}]	8	1
575	2024-09-18 12:15:36.2753-05	97	ViT-S (DeiT III)-IN1k/ImageNet-V2/ImageNet-1k/224/	1	[{"added": {}}]	8	1
576	2024-09-18 12:16:00.615844-05	98	ViT-S (DeiT III)-IN1k/ImageNet-1k/ImageNet-1k/384/	1	[{"added": {}}]	8	1
577	2024-09-18 12:16:21.575554-05	99	ViT-S (DeiT III)-IN1k/ImageNet-V2/ImageNet-1k/384/	1	[{"added": {}}]	8	1
578	2024-09-18 12:16:55.803575-05	100	ViT-B (DeiT III)-IN1k/ImageNet-1k/ImageNet-1k/224/	1	[{"added": {}}]	8	1
579	2024-09-18 12:17:18.616713-05	101	ViT-B (DeiT III)-IN1k/ImageNet-V2/ImageNet-1k/224/	1	[{"added": {}}]	8	1
580	2024-09-18 12:17:48.365025-05	102	ViT-B (DeiT III)-IN1k/ImageNet-1k/ImageNet-1k/384/	1	[{"added": {}}]	8	1
581	2024-09-18 12:18:12.096387-05	103	ViT-B (DeiT III)-IN1k/ImageNet-V2/ImageNet-1k/384/	1	[{"added": {}}]	8	1
582	2024-09-18 12:18:39.87471-05	104	ViT-L (DeiT III)-IN1k/ImageNet-1k/ImageNet-1k/224/	1	[{"added": {}}]	8	1
583	2024-09-18 12:18:59.352995-05	105	ViT-L (DeiT III)-IN1k/ImageNet-V2/ImageNet-1k/224/	1	[{"added": {}}]	8	1
584	2024-09-18 12:19:25.683141-05	106	ViT-L (DeiT III)-IN1k/ImageNet-1k/ImageNet-1k/384/	1	[{"added": {}}]	8	1
585	2024-09-18 12:19:47.846213-05	107	ViT-L (DeiT III)-IN1k/ImageNet-V2/ImageNet-1k/384/	1	[{"added": {}}]	8	1
586	2024-09-18 12:20:09.354237-05	108	ViT-H (DeiT III)-IN1k/ImageNet-1k/ImageNet-1k/224/	1	[{"added": {}}]	8	1
587	2024-09-18 12:20:33.801837-05	109	ViT-H (DeiT III)-IN1k/ImageNet-V2/ImageNet-1k/224/	1	[{"added": {}}]	8	1
588	2024-09-18 12:21:25.098163-05	110	ViT-S (DeiT III)-IN22k/ImageNet-1k/ImageNet-1k/224/	1	[{"added": {}}]	8	1
589	2024-09-18 12:21:43.089491-05	111	ViT-S (DeiT III)-IN22k/ImageNet-V2/ImageNet-1k/224/	1	[{"added": {}}]	8	1
590	2024-09-18 12:22:12.572188-05	112	ViT-B (DeiT III)-IN22k/ImageNet-1k/ImageNet-1k/224/	1	[{"added": {}}]	8	1
591	2024-09-18 12:22:31.782567-05	113	ViT-B (DeiT III)-IN22k/ImageNet-V2/ImageNet-1k/224/	1	[{"added": {}}]	8	1
592	2024-09-18 12:22:54.516632-05	114	ViT-B (DeiT III)-IN22k/ImageNet-1k/ImageNet-1k/384/	1	[{"added": {}}]	8	1
593	2024-09-18 12:23:14.723089-05	115	ViT-B (DeiT III)-IN22k/ImageNet-V2/ImageNet-1k/384/	1	[{"added": {}}]	8	1
594	2024-09-18 12:23:36.812984-05	116	ViT-L (DeiT III)-IN22k/ImageNet-1k/ImageNet-1k/224/	1	[{"added": {}}]	8	1
595	2024-09-18 12:24:13.668785-05	117	ViT-L (DeiT III)-IN22k/ImageNet-V2/ImageNet-1k/224/	1	[{"added": {}}]	8	1
596	2024-09-18 12:24:45.232003-05	118	ViT-L (DeiT III)-IN22k/ImageNet-1k/ImageNet-1k/384/	1	[{"added": {}}]	8	1
597	2024-09-18 12:25:06.587601-05	119	ViT-L (DeiT III)-IN22k/ImageNet-V2/ImageNet-1k/384/	1	[{"added": {}}]	8	1
598	2024-09-18 12:25:31.208482-05	120	ViT-H (DeiT III)-IN22k/ImageNet-1k/ImageNet-1k/224/	1	[{"added": {}}]	8	1
599	2024-09-18 12:25:55.790916-05	121	ViT-H (DeiT III)-IN22k/ImageNet-V2/ImageNet-1k/224/	1	[{"added": {}}]	8	1
600	2024-09-18 12:26:49.023017-05	21	ViT-S (DeiT III)-IN1k	2	[{"changed": {"fields": ["Classification results"]}}]	9	1
601	2024-09-18 12:27:25.860442-05	22	ViT-S (DeiT III)-IN22k	2	[{"changed": {"fields": ["Classification results"]}}]	9	1
602	2024-09-18 12:28:19.78502-05	22	ViT-S (DeiT III)-IN22k	2	[{"changed": {"fields": ["Classification results"]}}]	9	1
603	2024-09-18 12:29:08.842072-05	23	ViT-B (DeiT III)-IN1k	2	[{"changed": {"fields": ["Classification results"]}}]	9	1
604	2024-09-18 12:29:26.039807-05	24	ViT-B (DeiT III)-IN22k	2	[{"changed": {"fields": ["Classification results"]}}]	9	1
605	2024-09-18 12:29:48.689614-05	25	ViT-L (DeiT III)-IN1k	2	[{"changed": {"fields": ["Classification results"]}}]	9	1
606	2024-09-18 12:30:07.802448-05	26	ViT-L (DeiT III)-IN22k	2	[{"changed": {"fields": ["Classification results"]}}]	9	1
607	2024-09-18 12:30:23.529145-05	27	ViT-H (DeiT III)-IN1k	2	[{"changed": {"fields": ["Classification results"]}}]	9	1
608	2024-09-18 12:30:33.980379-05	28	ViT-H (DeiT III)-IN22k	2	[{"changed": {"fields": ["Classification results"]}}]	9	1
609	2024-09-18 12:33:56.607942-05	25	ViT-L (DeiT III)-IN1k	2	[{"changed": {"fields": ["Pretrain dataset"]}}]	9	1
610	2024-09-18 12:37:07.847382-05	21	ViT-S (DeiT III)-IN1k	2	[{"changed": {"fields": ["Classification results"]}}]	9	1
611	2024-09-18 12:39:22.034567-05	26	ViT-L (DeiT III)-IN22k	2	[{"changed": {"fields": ["Classification results"]}}]	9	1
612	2024-09-18 12:45:20.695961-05	122	Swin-T-IN1k/ImageNet-V2/	1	[{"added": {}}]	8	1
613	2024-09-18 12:45:37.327164-05	123	Swin-B-IN1k/ImageNet-V2/	1	[{"added": {}}]	8	1
614	2024-09-18 12:46:33.103763-05	124	ConvNeXt-B-IN1k/ImageNet-V2/	1	[{"added": {}}]	8	1
615	2024-09-18 12:47:07.954949-05	125	ConvNeXt-B-IN1k/ImageNet-V2/ImageNet-1k/384/	1	[{"added": {}}]	8	1
616	2024-09-18 12:47:35.840471-05	126	ConvNeXt-L-IN1k/ImageNet-V2/	1	[{"added": {}}]	8	1
617	2024-09-18 12:48:25.623644-05	127	ConvNeXt-L-IN1k/ImageNet-V2/ImageNet-1k/384/	1	[{"added": {}}]	8	1
618	2024-09-18 12:49:23.002622-05	128	Swin-B-IN22k/ImageNet-V2/ImageNet-1k/224/	1	[{"added": {}}]	8	1
619	2024-09-18 12:49:50.030742-05	129	Swin-B-IN22k/ImageNet-V2/ImageNet-1k/384/	1	[{"added": {}}]	8	1
620	2024-09-18 12:50:18.096591-05	130	Swin-L-IN22k/ImageNet-V2/ImageNet-1k/224/	1	[{"added": {}}]	8	1
621	2024-09-18 12:50:41.85797-05	131	Swin-L-IN22k/ImageNet-V2/ImageNet-1k/384/	1	[{"added": {}}]	8	1
622	2024-09-18 12:51:22.30937-05	132	ConvNeXt-B-IN22k/ImageNet-V2/ImageNet-1k/224/	1	[{"added": {}}]	8	1
623	2024-09-18 12:51:43.087286-05	133	ConvNeXt-B-IN22k/ImageNet-V2/ImageNet-1k/384/	1	[{"added": {}}]	8	1
624	2024-09-18 12:52:07.364139-05	134	ConvNeXt-L-IN22k/ImageNet-V2/ImageNet-1k/224/	1	[{"added": {}}]	8	1
625	2024-09-18 12:52:52.907667-05	135	ConvNeXt-L-IN22k/ImageNet-V2/ImageNet-1k/384/	1	[{"added": {}}]	8	1
626	2024-09-18 12:53:15.648754-05	136	ConvNeXt-XL-IN22k/ImageNet-V2/ImageNet-1k/224/	1	[{"added": {}}]	8	1
627	2024-09-18 12:54:14.937973-05	137	ConvNeXt-XL-IN22k/ImageNet-V2/ImageNet-1k/384/	1	[{"added": {}}]	8	1
628	2024-09-18 12:54:57.495682-05	14	Swin-T-IN1k	2	[{"changed": {"fields": ["Classification results"]}}]	9	1
629	2024-09-18 12:57:47.224018-05	123	Swin-S-IN1k/ImageNet-V2/	2	[{"changed": {"fields": ["Pretrained backbone name"]}}]	8	1
630	2024-09-18 12:58:21.458702-05	18	Swin-S-IN1k	2	[{"changed": {"fields": ["Classification results"]}}]	9	1
631	2024-09-18 12:59:08.694281-05	17	Swin-B-IN22k	2	[{"changed": {"fields": ["Classification results"]}}]	9	1
632	2024-09-18 12:59:34.131108-05	20	Swin-L-IN22k	2	[{"changed": {"fields": ["Classification results"]}}]	9	1
633	2024-09-18 13:02:25.198472-05	7	ConvNeXt-B-IN1k	2	[{"changed": {"fields": ["Classification results"]}}]	9	1
634	2024-09-18 13:03:09.637842-05	5	ConvNeXt-L-IN1k	2	[{"changed": {"fields": ["Classification results"]}}]	9	1
635	2024-09-18 13:03:57.753751-05	5	ConvNeXt-L-IN1k	2	[{"changed": {"fields": ["Classification results"]}}]	9	1
636	2024-09-18 13:05:09.953638-05	8	ConvNeXt-B-IN22k	2	[{"changed": {"fields": ["Classification results"]}}]	9	1
637	2024-09-18 13:06:50.201139-05	6	ConvNeXt-L-IN22k	2	[{"changed": {"fields": ["Classification results"]}}]	9	1
638	2024-09-18 13:07:15.697988-05	13	ConvNeXt-XL-IN22k	2	[{"changed": {"fields": ["Classification results"]}}]	9	1
639	2024-09-18 13:23:24.352788-05	5	ResNet (RSB)	1	[{"added": {}}]	14	1
640	2024-09-18 13:24:21.12386-05	18	ResNet-18 (RSB)	1	[{"added": {}}]	10	1
641	2024-09-18 13:24:33.963855-05	19	ResNet-34 (RSB)	1	[{"added": {}}]	10	1
642	2024-09-18 13:24:44.378726-05	20	ResNet-50 (RSB)	1	[{"added": {}}]	10	1
643	2024-09-18 13:24:56.070865-05	21	ResNet-101 (RSB)	1	[{"added": {}}]	10	1
644	2024-09-18 13:25:09.465152-05	22	ResNet-152 (RSB)	1	[{"added": {}}]	10	1
645	2024-09-18 13:26:07.51055-05	29	ResNet-18 (RSB)-IN1k	1	[{"added": {}}]	9	1
646	2024-09-18 13:26:24.313808-05	30	ResNet-34 (RSB)-IN1k	1	[{"added": {}}]	9	1
647	2024-09-18 13:26:40.711155-05	31	ResNet-50 (RSB)-IN1k	1	[{"added": {}}]	9	1
648	2024-09-18 13:26:59.945033-05	32	ResNet-101 (RSB)-IN1k	1	[{"added": {}}]	9	1
649	2024-09-18 13:27:15.863234-05	33	ResNet-152 (RSB)	1	[{"added": {}}]	9	1
650	2024-09-18 13:27:25.036885-05	33	ResNet-152 (RSB)-IN1k	2	[{"changed": {"fields": ["Name"]}}]	9	1
651	2024-09-18 13:28:12.497202-05	68	ResNet-18 (RSB)/V100/224/FP16/	1	[{"added": {}}]	15	1
652	2024-09-18 13:28:27.185778-05	69	ResNet-34 (RSB)/V100/224/FP16/	1	[{"added": {}}]	15	1
653	2024-09-18 13:28:41.956948-05	70	ResNet-50 (RSB)/V100/224/FP16/	1	[{"added": {}}]	15	1
654	2024-09-18 13:28:58.407423-05	71	ResNet-101 (RSB)/V100/224/FP16/	1	[{"added": {}}]	15	1
655	2024-09-18 13:29:40.623887-05	72	ResNet-152 (RSB)/V100/224/FP16/	1	[{"added": {}}]	15	1
656	2024-09-18 13:29:49.674805-05	22	ResNet-152 (RSB)	2	[{"changed": {"fields": ["Fps measurements"]}}]	10	1
657	2024-09-18 13:29:54.128496-05	21	ResNet-101 (RSB)	2	[{"changed": {"fields": ["Fps measurements"]}}]	10	1
658	2024-09-18 13:30:00.321638-05	20	ResNet-50 (RSB)	2	[{"changed": {"fields": ["Fps measurements"]}}]	10	1
659	2024-09-18 13:30:05.056845-05	19	ResNet-34 (RSB)	2	[{"changed": {"fields": ["Fps measurements"]}}]	10	1
660	2024-09-18 13:30:10.044296-05	18	ResNet-18 (RSB)	2	[{"changed": {"fields": ["Fps measurements"]}}]	10	1
661	2024-09-18 13:32:16.239894-05	73	ResNet-50 (RSB)/V100/224/AMP/	1	[{"added": {}}]	15	1
662	2024-09-18 13:32:35.551894-05	74	ResNet-101 (RSB)/V100/224/AMP/	1	[{"added": {}}]	15	1
663	2024-09-18 13:33:01.778907-05	75	ResNet-152 (RSB)/V100/224/AMP/	1	[{"added": {}}]	15	1
664	2024-09-18 13:33:23.039568-05	20	ResNet-50 (RSB)	2	[{"changed": {"fields": ["Fps measurements"]}}]	10	1
665	2024-09-18 13:33:27.911315-05	21	ResNet-101 (RSB)	2	[{"changed": {"fields": ["Fps measurements"]}}]	10	1
666	2024-09-18 13:33:32.436973-05	22	ResNet-152 (RSB)	2	[{"changed": {"fields": ["Fps measurements"]}}]	10	1
667	2024-09-18 13:34:26.620859-05	138	ResNet-18 (RSB)-IN1k/ImageNet-1k/	1	[{"added": {}}]	8	1
668	2024-09-18 13:41:22.092211-05	139	ResNet-18 (RSB)-IN1k/ImageNet-V2/	1	[{"added": {}}]	8	1
669	2024-09-18 13:42:01.707729-05	13	ImageNet-ReaL	1	[{"added": {}}]	13	1
670	2024-09-18 13:42:29.220671-05	140	ResNet-18 (RSB)-IN1k/ImageNet-ReaL/	1	[{"added": {}}]	8	1
671	2024-09-18 13:42:59.092718-05	141	ResNet-34 (RSB)-IN1k/ImageNet-1k/	1	[{"added": {}}]	8	1
672	2024-09-18 13:43:23.11167-05	142	ResNet-34 (RSB)-IN1k/ImageNet-ReaL/	1	[{"added": {}}]	8	1
673	2024-09-18 13:43:44.625389-05	143	ResNet-34 (RSB)-IN1k/ImageNet-V2/	1	[{"added": {}}]	8	1
674	2024-09-18 13:44:08.186166-05	144	ResNet-50 (RSB)-IN1k/ImageNet-1k/	1	[{"added": {}}]	8	1
675	2024-09-18 13:44:23.865649-05	145	ResNet-50 (RSB)-IN1k/ImageNet-ReaL/	1	[{"added": {}}]	8	1
676	2024-09-18 13:44:41.390095-05	146	ResNet-50 (RSB)-IN1k/ImageNet-V2/	1	[{"added": {}}]	8	1
677	2024-09-18 13:45:08.05183-05	147	ResNet-101 (RSB)-IN1k/ImageNet-1k/	1	[{"added": {}}]	8	1
678	2024-09-18 13:45:32.103026-05	148	ResNet-101 (RSB)-IN1k/ImageNet-ReaL/	1	[{"added": {}}]	8	1
679	2024-09-18 13:45:52.31208-05	149	ResNet-101 (RSB)-IN1k/ImageNet-V2/	1	[{"added": {}}]	8	1
680	2024-09-18 13:46:23.054168-05	150	ResNet-152 (RSB)-IN1k/ImageNet-1k/	1	[{"added": {}}]	8	1
681	2024-09-18 13:46:39.757698-05	151	ResNet-152 (RSB)-IN1k/ImageNet-ReaL/	1	[{"added": {}}]	8	1
682	2024-09-18 13:46:59.532299-05	152	ResNet-152 (RSB)-IN1k/ImageNet-V2/	1	[{"added": {}}]	8	1
683	2024-09-18 13:47:34.56399-05	29	ResNet-18 (RSB)-IN1k	2	[{"changed": {"fields": ["Classification results"]}}]	9	1
684	2024-09-18 13:47:49.99873-05	30	ResNet-34 (RSB)-IN1k	2	[{"changed": {"fields": ["Classification results"]}}]	9	1
685	2024-09-18 13:48:04.210031-05	31	ResNet-50 (RSB)-IN1k	2	[{"changed": {"fields": ["Classification results"]}}]	9	1
686	2024-09-18 13:48:20.821663-05	32	ResNet-101 (RSB)-IN1k	2	[{"changed": {"fields": ["Classification results"]}}]	9	1
687	2024-09-18 13:48:34.373162-05	33	ResNet-152 (RSB)-IN1k	2	[{"changed": {"fields": ["Classification results"]}}]	9	1
688	2024-09-18 13:51:43.647167-05	29	ResNet-18 (RSB)-IN1k	2	[{"changed": {"fields": ["Classification results"]}}]	9	1
689	2024-09-18 13:51:52.263674-05	30	ResNet-34 (RSB)-IN1k	2	[{"changed": {"fields": ["Classification results"]}}]	9	1
690	2024-09-18 13:52:00.601105-05	31	ResNet-50 (RSB)-IN1k	2	[{"changed": {"fields": ["Classification results"]}}]	9	1
691	2024-09-18 13:52:08.601828-05	32	ResNet-101 (RSB)-IN1k	2	[{"changed": {"fields": ["Classification results"]}}]	9	1
692	2024-09-18 13:52:19.522706-05	33	ResNet-152 (RSB)-IN1k	2	[{"changed": {"fields": ["Classification results"]}}]	9	1
693	2024-09-18 13:56:29.42862-05	144	ResNet-50 (RSB)-IN1k/ImageNet-1k/	2	[{"changed": {"fields": ["Gflops"]}}]	8	1
694	2024-09-18 14:14:07.531406-05	6	ConvNeXt V2	1	[{"added": {}}]	14	1
695	2024-09-18 14:14:58.8037-05	23	ConvNeXt V2-A	1	[{"added": {}}]	10	1
696	2024-09-18 14:15:15.657454-05	24	ConvNeXt V2-F	1	[{"added": {}}]	10	1
697	2024-09-18 14:15:36.162836-05	25	ConvNeXt V2-P	1	[{"added": {}}]	10	1
698	2024-09-18 14:15:44.319581-05	26	ConvNeXt V2-N	1	[{"added": {}}]	10	1
699	2024-09-18 14:15:57.989461-05	27	ConvNeXt V2-T	1	[{"added": {}}]	10	1
700	2024-09-18 14:16:10.585177-05	28	ConvNeXt V2-B	1	[{"added": {}}]	10	1
701	2024-09-18 14:16:34.462372-05	29	ConvNeXt V2-L	1	[{"added": {}}]	10	1
702	2024-09-18 14:16:43.777992-05	30	ConvNeXt V2-H	1	[{"added": {}}]	10	1
703	2024-09-22 12:23:49.590826-05	153	ConvNeXt V2-H-IN1k/ImageNet-1k/ImageNet-1k/224/	1	[{"added": {}}]	8	1
704	2024-09-22 12:27:26.881425-05	37	ConvNeXt V2-H-IN1k/Mask R-CNN/Object Detection/COCO (val)/COCO (train)/36/	1	[{"added": {}}]	7	1
705	2024-09-22 12:28:03.32604-05	38	ConvNeXt V2-H-IN1k/Mask R-CNN/Instance Segmentation/COCO (val)/COCO (train)/36/	1	[{"added": {}}]	7	1
706	2024-09-22 12:28:09.056581-05	34	ConvNeXt V2-H-IN1k	1	[{"added": {}}]	9	1
707	2024-09-22 12:30:31.213038-05	154	ConvNeXt-V2-L-IN1k/ImageNet-1k/ImageNet-1k/224/	1	[{"added": {}}]	8	1
708	2024-09-22 12:31:18.452171-05	39	ConvNeXt-V2-L-IN1k/Mask R-CNN/Object Detection/COCO (val)/COCO (train)/36/	1	[{"added": {}}]	7	1
709	2024-09-22 12:32:15.920065-05	40	ConvNeXt-V2-L-IN1k/Mask R-CNN/Instance Segmentation/COCO (val)/COCO (train)/36/	1	[{"added": {}}]	7	1
710	2024-09-22 12:32:19.867987-05	35	ConvNeXt-V2-L-IN1k	1	[{"added": {}}]	9	1
711	2024-09-22 12:33:17.158882-05	155	ConvNeXt V2-B-IN1k/ImageNet-1k/ImageNet-1k/224/	1	[{"added": {}}]	8	1
712	2024-09-22 12:53:30.259782-05	41	ConvNeXt V2-B-IN1k/Mask R-CNN/Object Detection/COCO (val)/COCO (train)/36/	1	[{"added": {}}]	7	1
713	2024-09-22 12:54:06.951744-05	42	ConvNeXt V2-B-IN1k/Mask R-CNN/Instance Segmentation/COCO (val)/COCO (train)/36/	1	[{"added": {}}]	7	1
714	2024-09-22 12:54:23.572656-05	36	ConvNeXt V2-B-IN1k	1	[{"added": {}}]	9	1
715	2024-09-22 12:55:50.460637-05	156	ConvNeXt V2-B-IN1k/ImageNet-1k/ImageNet-1k/224/	1	[{"added": {}}]	8	1
716	2024-09-22 12:55:54.044735-05	37	ConvNeXt V2-T-IN1k	1	[{"added": {}}]	9	1
717	2024-09-22 12:58:10.191954-05	157	ConvNeXt V2-N-IN1k/ImageNet-1k/ImageNet-1k/224/	1	[{"added": {}}]	8	1
718	2024-09-22 12:58:14.969788-05	38	ConvNeXt V2-N-IN1k	1	[{"added": {}}]	9	1
719	2024-09-22 13:00:39.380317-05	158	ConvNeXt V2-P-IN1k/ImageNet-1k/ImageNet-1k/224/	1	[{"added": {}}]	8	1
720	2024-09-22 13:00:43.808366-05	39	ConvNeXt V2-P-IN1k	1	[{"added": {}}]	9	1
721	2024-09-22 13:01:45.105785-05	159	ConvNeXt V2-F-IN1k/ImageNet-1k/ImageNet-1k/224/	1	[{"added": {}}]	8	1
722	2024-09-22 13:01:49.934711-05	40	ConvNeXt V2-F-IN1k	1	[{"added": {}}]	9	1
723	2024-09-22 13:02:38.710603-05	160	ConvNeXt V2-A-IN1k/ImageNet-1k/ImageNet-1k/224/	1	[{"added": {}}]	8	1
724	2024-09-22 13:02:52.133533-05	41	ConvNeXt V2-A-IN1k	1	[{"added": {}}]	9	1
725	2024-09-22 13:02:58.863698-05	41	ConvNeXt V2-A-IN1k	2	[]	9	1
726	2024-09-22 13:03:04.540325-05	40	ConvNeXt V2-F-IN1k	2	[]	9	1
727	2024-09-22 13:03:12.807341-05	39	ConvNeXt V2-P-IN1k	2	[]	9	1
728	2024-09-22 13:03:17.597598-05	38	ConvNeXt V2-N-IN1k	2	[]	9	1
729	2024-09-22 13:19:28.674498-05	161	ConvNeXt V2-N-IN1k/ImageNet-1k/ImageNet-1k/224/	1	[{"added": {}}]	8	1
730	2024-09-22 13:20:30.485819-05	162	ConvNeXt V2-N-IN1k/ImageNet-1k/ImageNet-1k/384/	1	[{"added": {}}]	8	1
731	2024-09-22 13:20:32.772323-05	38	ConvNeXt V2-N-IN1k	2	[{"changed": {"fields": ["Classification results"]}}]	9	1
732	2024-09-22 13:21:26.630303-05	163	ConvNeXt V2-T-IN1k/ImageNet-1k/ImageNet-1k/224/	1	[{"added": {}}]	8	1
733	2024-09-22 13:21:59.763407-05	164	ConvNeXt V2-T-IN1k/ImageNet-1k/ImageNet-1k/384/	1	[{"added": {}}]	8	1
734	2024-09-22 13:22:02.331213-05	37	ConvNeXt V2-T-IN1k	2	[{"changed": {"fields": ["Classification results"]}}]	9	1
735	2024-09-22 13:22:53.568109-05	165	ConvNeXt V2-B-IN1k/ImageNet-1k/ImageNet-1k/224/	1	[{"added": {}}]	8	1
736	2024-09-22 13:23:30.724976-05	166	ConvNeXt V2-B-IN1k/ImageNet-1k/ImageNet-1k/384/	1	[{"added": {}}]	8	1
737	2024-09-22 13:23:36.798114-05	36	ConvNeXt V2-B-IN1k	2	[{"changed": {"fields": ["Classification results"]}}]	9	1
738	2024-09-22 13:24:13.38918-05	167	ConvNeXt V2-L-IN1k/ImageNet-1k/ImageNet-1k/224/	1	[{"added": {}}]	8	1
739	2024-09-22 13:24:46.839404-05	168	ConvNeXt V2-L-IN1k/ImageNet-1k/ImageNet-1k/384/	1	[{"added": {}}]	8	1
740	2024-09-22 13:25:04.610321-05	35	ConvNeXt V2-L-IN1k	2	[{"changed": {"fields": ["Name", "Classification results"]}}]	9	1
741	2024-09-22 13:25:52.073804-05	169	ConvNeXt V2-H-IN1k/ImageNet-1k/ImageNet-1k/384/	1	[{"added": {}}]	8	1
742	2024-09-22 13:26:23.292721-05	170	ConvNeXt V2-H-IN1k/ImageNet-1k/ImageNet-1k/512/	1	[{"added": {}}]	8	1
743	2024-09-22 13:26:26.787367-05	34	ConvNeXt V2-H-IN1k	2	[{"changed": {"fields": ["Classification results"]}}]	9	1
744	2024-09-22 13:31:58.329314-05	162	ConvNeXt V2-N-IN1k/ImageNet-1k/ImageNet-1k/384/	2	[{"changed": {"fields": ["Resolution"]}}]	8	1
745	2024-09-22 23:00:48.031309-05	39	ConvNeXt-V2-L-IN1k/Mask R-CNN/Object Detection/COCO (val)/COCO (train)/36/	2	[]	7	1
746	2024-09-25 00:33:12.099803-05	7	Hiera	1	[{"added": {}}]	14	1
747	2024-09-25 00:35:16.85567-05	76	Hiera-T/A100/224/FP16/	1	[{"added": {}}]	15	1
748	2024-09-25 00:36:07.686224-05	31	Hiera-T	1	[{"added": {}}]	10	1
749	2024-09-25 00:36:45.589867-05	77	Hiera-S/A100/224/FP16/	1	[{"added": {}}]	15	1
750	2024-09-25 00:36:47.32212-05	32	Hiera-S	1	[{"added": {}}]	10	1
751	2024-09-25 00:37:12.830821-05	78	Hiera-B/A100/224/FP16/	1	[{"added": {}}]	15	1
752	2024-09-25 00:37:14.108924-05	33	Hiera-B	1	[{"added": {}}]	10	1
753	2024-09-25 00:37:46.734846-05	79	Hiera-B+/A100/224/FP16/	1	[{"added": {}}]	15	1
754	2024-09-25 00:37:48.588427-05	34	Hiera-B+	1	[{"added": {}}]	10	1
755	2024-09-25 00:38:31.111956-05	80	Hiera-L/A100/224/FP16/	1	[{"added": {}}]	15	1
756	2024-09-25 00:39:55.496035-05	35	Hiera-L	1	[{"added": {}}]	10	1
757	2024-09-25 00:40:13.956979-05	81	Hiera-H/A100/224/FP16/	1	[{"added": {}}]	15	1
758	2024-09-25 00:40:27.755294-05	36	Hiera-H	1	[{"added": {}}]	10	1
759	2024-09-25 00:46:36.277014-05	42	Hiera-T-IN1k	1	[{"added": {}}]	9	1
760	2024-09-25 00:46:50.961027-05	43	Hiera-S-IN1k	1	[{"added": {}}]	9	1
761	2024-09-25 00:47:07.782771-05	44	Hiera-B-IN1k	1	[{"added": {}}]	9	1
762	2024-09-25 00:47:37.576511-05	45	Hiera-B+-IN1k	1	[{"added": {}}]	9	1
763	2024-09-25 00:47:54.546158-05	46	Hiera-L-IN1k	1	[{"added": {}}]	9	1
764	2024-09-25 00:48:20.043431-05	47	Hiera-H-IN1k	1	[{"added": {}}]	9	1
765	2024-09-25 00:49:37.168861-05	171	Hiera-T-IN1k/ImageNet-1k/ImageNet-1k/224/	1	[{"added": {}}]	8	1
766	2024-09-25 00:49:59.405563-05	172	Hiera-S-IN1k/ImageNet-1k/ImageNet-1k/224/	1	[{"added": {}}]	8	1
767	2024-09-25 00:50:23.600218-05	173	Hiera-B-IN1k/ImageNet-1k/ImageNet-1k/224/	1	[{"added": {}}]	8	1
768	2024-09-25 00:50:43.286367-05	174	Hiera-B+-IN1k/ImageNet-1k/ImageNet-1k/100/	1	[{"added": {}}]	8	1
769	2024-09-25 00:51:17.212742-05	175	Hiera-L-IN1k/ImageNet-1k/ImageNet-1k/224/	1	[{"added": {}}]	8	1
770	2024-09-25 00:51:41.112952-05	176	Hiera-H-IN1k/ImageNet-1k/ImageNet-1k/224/	1	[{"added": {}}]	8	1
771	2024-09-25 00:51:48.045416-05	175	Hiera-L-IN1k/ImageNet-1k/ImageNet-1k/224/	2	[{"changed": {"fields": ["Fine tune epochs"]}}]	8	1
772	2024-09-25 00:52:10.536121-05	34	Hiera-B+	2	[{"changed": {"fields": ["M parameters"]}}]	10	1
773	2024-09-25 00:56:10.353422-05	82	Hiera-B-IN1k/Mask-RCNN/V100/1280/FP32/	1	[{"added": {}}]	15	1
774	2024-09-25 00:56:13.751872-05	43	Hiera-B-IN1k/Mask R-CNN/Object Detection/COCO (val)/COCO (train)/100/	1	[{"added": {}}]	7	1
775	2024-09-25 00:57:17.842886-05	44	Hiera-B-IN1k/Mask R-CNN/Instance Segmentation/COCO (val)/COCO (train)/100/	1	[{"added": {}}]	7	1
776	2024-09-25 00:58:07.489419-05	83	Hiera-B+-IN1k/Mask-RCNN/V100/1280/FP32/	1	[{"added": {}}]	15	1
777	2024-09-25 00:58:09.572537-05	45	Hiera-B+-IN1k/Mask R-CNN/Object Detection/COCO (val)/COCO (train)/100/	1	[{"added": {}}]	7	1
778	2024-09-25 00:58:44.741906-05	46	Hiera-B+-IN1k/Mask R-CNN/Instance Segmentation/COCO (val)/COCO (train)/100/	1	[{"added": {}}]	7	1
779	2024-09-25 00:59:40.077958-05	84	Hiera-L-IN1k/V100/1280/FP32/	1	[{"added": {}}]	15	1
780	2024-09-25 00:59:42.661974-05	47	Hiera-L-IN1k/Mask R-CNN/Object Detection/COCO (val)/COCO (train)/100/	1	[{"added": {}}]	7	1
781	2024-09-25 01:00:09.440634-05	48	Hiera-L-IN1k/Mask R-CNN/Instance Segmentation/COCO (val)/COCO (train)/100/	1	[{"added": {}}]	7	1
782	2024-09-25 01:00:15.101608-05	43	Hiera-B-IN1k/Mask R-CNN/Object Detection/COCO (val)/COCO (train)/100/	2	[]	7	1
783	2024-09-25 01:00:21.324586-05	44	Hiera-B-IN1k/Mask R-CNN/Instance Segmentation/COCO (val)/COCO (train)/100/	2	[{"changed": {"fields": ["Gflops"]}}]	7	1
784	2024-09-25 01:00:27.21298-05	45	Hiera-B+-IN1k/Mask R-CNN/Object Detection/COCO (val)/COCO (train)/100/	2	[]	7	1
785	2024-09-25 01:00:51.984614-05	82	Hiera-B-IN1k/Mask-RCNN/V100/1280/FP32/	2	[{"changed": {"fields": ["Fps"]}}]	15	1
786	2024-09-25 01:01:02.465442-05	84	Hiera-L-IN1k/Mask-RCNN/V100/1280/FP32/	2	[{"changed": {"fields": ["Backbone name"]}}]	15	1
787	2024-09-25 01:03:48.471388-05	32	Hiera-S	2	[]	10	1
788	2024-09-25 01:07:03.502438-05	85	ConvNeXt V20T/A100/224/FP16/	1	[{"added": {}}]	15	1
789	2024-09-25 01:07:06.017716-05	27	ConvNeXt V2-T	2	[{"changed": {"fields": ["Fps measurements"]}}]	10	1
790	2024-09-25 01:07:47.320516-05	86	ConvNeXt V2-B/A100/224/FP16/	1	[{"added": {}}]	15	1
791	2024-09-25 01:07:48.574862-05	28	ConvNeXt V2-B	2	[{"changed": {"fields": ["Fps measurements"]}}]	10	1
792	2024-09-25 01:08:20.465786-05	87	ConvNeXt V2-L/A100/224/FP16/	1	[{"added": {}}]	15	1
793	2024-09-25 01:08:23.863896-05	29	ConvNeXt V2-L	2	[{"changed": {"fields": ["Fps measurements"]}}]	10	1
794	2024-09-25 01:08:47.621888-05	88	ConvNeXt V2-H/A100/224/FP16/	1	[{"added": {}}]	15	1
795	2024-09-25 01:08:49.6461-05	30	ConvNeXt V2-H	2	[{"changed": {"fields": ["Fps measurements"]}}]	10	1
796	2024-09-25 01:29:34.379916-05	89	Swin-B-IN1k/Mask-RCNN/A100/1280/FP32/	1	[{"added": {}}]	15	1
797	2024-09-25 01:29:53.919731-05	49	Swin-B-IN1k/Mask R-CNN/Object Detection/COCO (val)/COCO (train)/50/	1	[{"added": {}}]	7	1
798	2024-09-25 01:30:29.879464-05	50	Swin-B-IN1k/Mask R-CNN/Instance Segmentation/COCO (val)/COCO (train)/50/	1	[{"added": {}}]	7	1
799	2024-09-25 01:30:33.943181-05	49	Swin-B-IN1k/Mask R-CNN/Object Detection/COCO (val)/COCO (train)/50/	2	[]	7	1
800	2024-09-25 01:31:17.338916-05	51	Swin-B-IN22k/Mask R-CNN/Object Detection/COCO (val)/COCO (train)/50/	1	[{"added": {}}]	7	1
801	2024-09-25 01:31:51.049059-05	52	Swin-B-IN22k/Mask R-CNN/Instance Segmentation/COCO (val)/COCO (train)/50/	1	[{"added": {}}]	7	1
802	2024-09-25 01:32:59.338352-05	90	Swin-L/Mask-RCNN/A100/1280/FP32/	1	[{"added": {}}]	15	1
803	2024-09-25 01:33:02.879084-05	53	Swin-L-IN22k/Mask R-CNN/Object Detection/COCO (val)/COCO (train)/50/	1	[{"added": {}}]	7	1
804	2024-09-25 01:33:29.191919-05	54	Swin-L-IN22k/Mask R-CNN/Instance Segmentation/COCO (val)/COCO (train)/50/	1	[{"added": {}}]	7	1
805	2024-09-25 01:35:06.180496-05	91	Swin-B/CascadeMaskRCNN/A100/1280/FP32/	1	[{"added": {}}]	15	1
806	2024-09-25 01:35:11.350577-05	55	Swin-B-IN1k/Cascade Mask R-CNN/Object Detection/COCO (val)/COCO (train)/50/	1	[{"added": {}}]	7	1
807	2024-09-25 01:35:35.183499-05	56	Swin-B-IN1k/Cascade Mask R-CNN/Instance Segmentation/COCO (val)/COCO (train)/50/	1	[{"added": {}}]	7	1
808	2024-09-25 01:38:18.637074-05	57	Swin-B-IN22k/Cascade Mask R-CNN/Object Detection/COCO (val)/COCO (train)/50/	1	[{"added": {}}]	7	1
809	2024-09-25 01:38:45.605215-05	58	Swin-B-IN22k/Cascade Mask R-CNN/Instance Segmentation/COCO (val)/COCO (train)/50/	1	[{"added": {}}]	7	1
810	2024-09-25 01:40:37.783-05	92	Swin-L/CascadeMaskRCNN/A100/1280/FP32/	1	[{"added": {}}]	15	1
811	2024-09-25 01:40:42.043709-05	59	Swin-L-IN22k/Cascade Mask R-CNN/Object Detection/COCO (val)/COCO (train)/50/	1	[{"added": {}}]	7	1
812	2024-09-25 01:41:09.075848-05	60	Swin-L-IN22k/Cascade Mask R-CNN/Instance Segmentation/COCO (val)/COCO (train)/50/	1	[{"added": {}}]	7	1
813	2024-09-25 01:42:47.415097-05	93	Swin-B/MaskRCNN/V100/1280/FP16/	1	[{"added": {}}]	15	1
814	2024-09-25 01:42:53.672309-05	49	Swin-B-IN1k/Mask R-CNN/Object Detection/COCO (val)/COCO (train)/50/	2	[{"changed": {"fields": ["Fps measurements"]}}]	7	1
815	2024-09-25 01:43:09.959743-05	50	Swin-B-IN1k/Mask R-CNN/Instance Segmentation/COCO (val)/COCO (train)/50/	2	[{"changed": {"fields": ["Fps measurements"]}}]	7	1
816	2024-09-25 01:43:16.528804-05	51	Swin-B-IN22k/Mask R-CNN/Object Detection/COCO (val)/COCO (train)/50/	2	[{"changed": {"fields": ["Fps measurements"]}}]	7	1
817	2024-09-25 01:43:21.593479-05	52	Swin-B-IN22k/Mask R-CNN/Instance Segmentation/COCO (val)/COCO (train)/50/	2	[{"changed": {"fields": ["Fps measurements"]}}]	7	1
818	2024-09-25 01:44:15.754498-05	94	Swin-L/MaskRCNN/V100/1280/FP32/	1	[{"added": {}}]	15	1
819	2024-09-25 01:44:18.328769-05	53	Swin-L-IN22k/Mask R-CNN/Object Detection/COCO (val)/COCO (train)/50/	2	[{"changed": {"fields": ["Fps measurements"]}}]	7	1
820	2024-09-25 01:44:26.473503-05	54	Swin-L-IN22k/Mask R-CNN/Instance Segmentation/COCO (val)/COCO (train)/50/	2	[{"changed": {"fields": ["Fps measurements"]}}]	7	1
821	2024-09-25 01:44:46.832824-05	89	Swin-B/MaskRCNN/A100/1280/FP32/	2	[{"changed": {"fields": ["Backbone name"]}}]	15	1
822	2024-09-25 01:45:09.602462-05	38	Swin-T/MaskRCNN/A100/1280/TF32/	2	[{"changed": {"fields": ["Backbone name"]}}]	15	1
823	2024-09-25 01:45:30.645418-05	44	ConvNeXt-T/CascadeMaskRCNN/A100/1280/TF32/	2	[{"changed": {"fields": ["Backbone name"]}}]	15	1
824	2024-09-25 01:45:36.674423-05	84	Hiera-L-IN1k/MaskRCNN/V100/1280/FP32/	2	[{"changed": {"fields": ["Backbone name"]}}]	15	1
825	2024-09-25 01:45:40.417983-05	83	Hiera-B+-IN1k/MaskRCNN/V100/1280/FP32/	2	[{"changed": {"fields": ["Backbone name"]}}]	15	1
826	2024-09-25 01:45:43.880044-05	82	Hiera-B-IN1k/MaskRCNN/V100/1280/FP32/	2	[{"changed": {"fields": ["Backbone name"]}}]	15	1
827	2024-09-25 01:45:53.637044-05	48	ConvNeXt-XL/CascadeMaskRCNN/A100/1280/TF32/	2	[{"changed": {"fields": ["Backbone name"]}}]	15	1
828	2024-09-25 01:46:00.063381-05	47	ConvNeXt-L/CascadeMaskRCNN/A100/1280/TF32/	2	[{"changed": {"fields": ["Backbone name"]}}]	15	1
829	2024-09-25 01:46:53.869426-05	46	ConvNeXt-B/CascadeMaskRCNN/A100/1280/TF32/	2	[{"changed": {"fields": ["Backbone name"]}}]	15	1
830	2024-09-25 01:47:25.889684-05	45	ConvNeXt-S/CascadeMaskRCNN/A100/1280/TF32/	2	[{"changed": {"fields": ["Backbone name"]}}]	15	1
831	2024-09-25 01:47:33.686954-05	43	ConvNext-T/MaskRCNN/A100/1280/TF32/	2	[{"changed": {"fields": ["Backbone name"]}}]	15	1
832	2024-09-25 01:47:53.073017-05	90	Swin-L/MaskRCNN/A100/1280/FP32/	2	[{"changed": {"fields": ["Backbone name"]}}]	15	1
\.


--
-- Data for Name: django_content_type; Type: TABLE DATA; Schema: public; Owner: postgres
--

COPY public.django_content_type (id, app_label, model) FROM stdin;
1	admin	logentry
2	auth	permission
3	auth	group
4	auth	user
5	contenttypes	contenttype
6	sessions	session
7	view	instanceresult
8	view	classificationresult
9	view	pretrainedbackbone
10	view	backbone
11	view	task
12	view	downstreamhead
13	view	dataset
14	view	backbonefamily
15	view	fpsmeasurement
\.


--
-- Data for Name: django_migrations; Type: TABLE DATA; Schema: public; Owner: postgres
--

COPY public.django_migrations (id, app, name, applied) FROM stdin;
1	contenttypes	0001_initial	2024-08-18 18:10:57.645067-05
2	auth	0001_initial	2024-08-18 18:10:57.67729-05
3	admin	0001_initial	2024-08-18 18:10:57.685168-05
4	admin	0002_logentry_remove_auto_add	2024-08-18 18:10:57.687269-05
5	admin	0003_logentry_add_action_flag_choices	2024-08-18 18:10:57.689171-05
6	contenttypes	0002_remove_content_type_name	2024-08-18 18:10:57.694908-05
7	auth	0002_alter_permission_name_max_length	2024-08-18 18:10:57.697158-05
8	auth	0003_alter_user_email_max_length	2024-08-18 18:10:57.699131-05
9	auth	0004_alter_user_username_opts	2024-08-18 18:10:57.701696-05
10	auth	0005_alter_user_last_login_null	2024-08-18 18:10:57.70449-05
11	auth	0006_require_contenttypes_0002	2024-08-18 18:10:57.70496-05
12	auth	0007_alter_validators_add_error_messages	2024-08-18 18:10:57.707529-05
13	auth	0008_alter_user_username_max_length	2024-08-18 18:10:57.712478-05
14	auth	0009_alter_user_last_name_max_length	2024-08-18 18:10:57.715066-05
15	auth	0010_alter_group_name_max_length	2024-08-18 18:10:57.719375-05
16	auth	0011_update_proxy_permissions	2024-08-18 18:10:57.721389-05
17	auth	0012_alter_user_first_name_max_length	2024-08-18 18:10:57.723616-05
18	sessions	0001_initial	2024-08-18 18:10:57.727739-05
19	view	0001_initial	2024-08-18 18:25:19.492041-05
20	view	0002_pretrainedbackbone_family_and_more	2024-08-18 18:59:04.376143-05
21	view	0003_alter_classificationresult_fine_tune_dataset_and_more	2024-08-18 19:10:13.136548-05
22	view	0004_alter_pretrainedbackbone_classification_results_and_more	2024-08-18 19:12:40.71914-05
23	view	0005_alter_pretrainedbackbone_classification_results_and_more	2024-08-18 19:12:40.725361-05
24	view	0006_classificationresult_pretrained_backbone_name_and_more	2024-08-18 19:18:19.359658-05
25	view	0007_remove_instanceresult_instance_type_and_more	2024-08-18 19:42:35.436634-05
26	view	0008_fpsmeasurement_and_more	2024-08-30 17:30:28.039648-05
27	view	0009_rename_pretrained_backbone_name_fpsmeasurement_backbone_name	2024-08-30 17:36:05.393592-05
28	view	0010_alter_fpsmeasurement_precision	2024-08-30 17:37:59.915059-05
29	view	0011_classificationresult_resolution_and_more	2024-08-31 17:59:08.76085-05
30	view	0012_dataset_eval	2024-09-07 23:23:01.213306-05
31	view	0013_backbonefamily_pretrain_method_and_more	2024-09-09 22:20:22.926349-05
32	view	0014_backbonefamily_hierarchical	2024-09-09 22:24:28.101072-05
33	view	0015_classificationresult_intermediate_fine_tune_dataset_and_more	2024-09-22 13:16:30.922005-05
34	view	0016_instanceresult_intermediate_train_dataset_and_more	2024-09-22 22:10:56.292233-05
35	view	0017_backbone_github_backbone_paper	2024-09-23 00:19:00.408655-05
36	view	0018_remove_pretrainedbackbone_classification_results_and_more	2024-09-23 23:44:50.704831-05
37	view	0019_remove_pretrainedbackbone_classification_results_and_more	2024-09-24 00:16:45.518137-05
38	view	0020_remove_classificationresult_pretrained_backbone_name_and_more	2024-09-24 00:24:58.054568-05
\.


--
-- Data for Name: django_session; Type: TABLE DATA; Schema: public; Owner: postgres
--

COPY public.django_session (session_key, session_data, expire_date) FROM stdin;
886n43gay6ekgvfutwfeqx8tbfgc8dbz	.eJxVjEsOAiEQBe_C2hCaX6tL956BNNDIqIFkmFkZ766TzEK3r6reSwRalxrWwXOYsjgLEIffLVJ6cNtAvlO7dZl6W-Ypyk2ROx3y2jM_L7v7d1Bp1G_tGCG6lKxnQ8zgUdlyQkhknE5asbdgoysFuWTQTPGosVinPWprFIr3B-noN5w:1sfpWr:cOwGWhH-GxRQAChnQgQxcx8r64S4rShrkq6zX5kP1o4	2024-09-01 18:41:45.372254-05
2izjyuu93flfv42br5wtcv7yn629ogjn	.eJxVjEsOAiEQBe_C2hCaX6tL956BNNDIqIFkmFkZ766TzEK3r6reSwRalxrWwXOYsjgLEIffLVJ6cNtAvlO7dZl6W-Ypyk2ROx3y2jM_L7v7d1Bp1G_tGCG6lKxnQ8zgUdlyQkhknE5asbdgoysFuWTQTPGosVinPWprFIr3B-noN5w:1sgEG6:P-If1l3MC70dEDuv10zWHIf8yZJfymut6jOpEU0W-RA	2024-09-02 21:06:06.284377-05
fiuyyum8s80xghfwkab6oqxdd9kyoar1	.eJxVjEsOAiEQBe_C2hCaX6tL956BNNDIqIFkmFkZ766TzEK3r6reSwRalxrWwXOYsjgLEIffLVJ6cNtAvlO7dZl6W-Ypyk2ROx3y2jM_L7v7d1Bp1G_tGCG6lKxnQ8zgUdlyQkhknE5asbdgoysFuWTQTPGosVinPWprFIr3B-noN5w:1skuej:eK6KdrFgMgj9ZiWibrI23CxKz-62DpYHlkcy4qDXiu4	2024-09-15 19:10:53.290302-05
14rc71exn3pbpysbjsrqfhay2yxqrjaq	.eJxVjEsOAiEQBe_C2hCaX6tL956BNNDIqIFkmFkZ766TzEK3r6reSwRalxrWwXOYsjgLEIffLVJ6cNtAvlO7dZl6W-Ypyk2ROx3y2jM_L7v7d1Bp1G_tGCG6lKxnQ8zgUdlyQkhknE5asbdgoysFuWTQTPGosVinPWprFIr3B-noN5w:1sqHvf:Zc90gLHDdJEuJVLSX8rm6__AVxSgk6rez69vIe_LOJw	2024-09-30 15:02:35.425418-05
\.


--
-- Data for Name: view_backbone; Type: TABLE DATA; Schema: public; Owner: postgres
--

COPY public.view_backbone (id, name, m_parameters, family_id, github, paper) FROM stdin;
9	ConvNeXt-XL	350	2		
13	Swin-L	197	3		
19	ResNet-34 (RSB)	21.8	5		
18	ResNet-18 (RSB)	11.7	5		
20	ResNet-50 (RSB)	25.6	5		
21	ResNet-101 (RSB)	44.5	5		
22	ResNet-152 (RSB)	60.2	5		
23	ConvNeXt V2-A	3.7	6		
24	ConvNeXt V2-F	5.2	6		
25	ConvNeXt V2-P	9.1	6		
26	ConvNeXt V2-N	15.6	6		
31	Hiera-T	28	7		
33	Hiera-B	52	7		
35	Hiera-L	214	7		
36	Hiera-H	673	7		
34	Hiera-B+	70	7		
32	Hiera-S	35	7		
27	ConvNeXt V2-T	28.6	6		
28	ConvNeXt V2-B	89	6		
29	ConvNeXt V2-L	198	6		
30	ConvNeXt V2-H	660	6		
6	ConvNeXt-S	50	2		
5	ConvNeXt-T	29	2		
4	TransNeXt-B	89.7	1		
3	TransNeXt-S	49.7	1		
2	TransNeXt-T	28.2	1		
1	TransNeXt-Micro	12.8	1		
10	Swin-T	29	3		
11	Swin-S	50	3		
12	Swin-B	88	3		
7	ConvNeXt-B	89	2		
8	ConvNeXt-L	198	2		
14	ViT-S (DeiT III)	22	4		
15	ViT-B (DeiT III)	86.6	4		
16	ViT-L (DeiT III)	304.4	4		
17	ViT-H (DeiT III)	632.1	4		
\.


--
-- Data for Name: view_backbone_fps_measurements; Type: TABLE DATA; Schema: public; Owner: postgres
--

COPY public.view_backbone_fps_measurements (id, backbone_id, fpsmeasurement_id) FROM stdin;
1	4	1
2	3	2
3	2	3
4	2	4
5	1	5
6	5	6
7	5	7
8	6	8
9	6	9
10	7	10
11	7	11
12	8	12
13	8	13
14	9	16
15	9	17
16	9	14
17	9	15
18	5	18
19	6	19
20	7	20
21	7	21
22	8	22
23	8	23
24	10	24
25	11	25
26	12	26
27	12	27
28	13	28
29	10	29
30	11	30
31	10	31
32	11	32
33	12	33
34	12	34
35	13	35
36	13	36
37	13	37
38	10	56
39	11	57
40	12	58
41	12	59
42	7	60
43	7	61
44	8	62
45	8	63
46	14	49
47	14	50
48	15	51
49	15	52
50	16	53
51	16	54
52	17	55
53	9	66
54	9	67
55	13	64
56	13	65
57	22	72
58	21	71
59	20	70
60	19	69
61	18	68
62	20	73
63	21	74
64	22	75
65	31	76
66	32	77
67	33	78
68	34	79
69	35	80
70	36	81
71	27	85
72	28	86
73	29	87
74	30	88
\.


--
-- Data for Name: view_backbonefamily; Type: TABLE DATA; Schema: public; Owner: postgres
--

COPY public.view_backbonefamily (id, name, model_type, pub_date, paper, github, pretrain_method, hierarchical) FROM stdin;
1	TransNeXt	Attn + Conv	2023-11-28	https://doi.org/10.48550/arXiv.2311.17132	https://github.com/DaiShiResearch/TransNeXt?tab=readme-ov-file	Supervised	t
2	ConvNeXt	Convolution	2022-01-10	https://doi.org/10.48550/arXiv.2201.03545	https://github.com/facebookresearch/ConvNeXt	Supervised	t
3	Swin	Attention	2021-03-25	https://doi.org/10.48550/arXiv.2103.14030	https://github.com/microsoft/Swin-Transformer	Supervised	t
4	DeiT III	Attention	2022-04-14	https://doi.org/10.48550/arXiv.2204.07118	https://github.com/facebookresearch/deit/blob/main/README_revenge.md	Supervised	f
5	ResNet (RSB)	Convolution	2021-10-01	https://doi.org/10.48550/arXiv.2110.00476	https://github.com/huggingface/pytorch-image-models	Supervised	t
6	ConvNeXt V2	Convolution	2023-01-02	https://doi.org/10.48550/arXiv.2301.00808	https://github.com/facebookresearch/ConvNeXt-V2	FCMAE	t
7	Hiera	Attention	2023-06-01	https://doi.org/10.48550/arXiv.2306.00989	https://github.com/facebookresearch/hiera	MAE	t
\.


--
-- Data for Name: view_classificationresult; Type: TABLE DATA; Schema: public; Owner: postgres
--

COPY public.view_classificationresult (id, fine_tune_epochs, fine_tune_resolution, top_1, top_5, gflops, paper, github, dataset_id, fine_tune_dataset_id, resolution, intermediate_fine_tune_dataset_id, intermediate_fine_tune_epochs, intermediate_fine_tune_resolution, pretrained_backbone_id) FROM stdin;
171	300	224	82.8	\N	5			1	1	224	\N	\N	\N	42
176	50	224	86.9	\N	125			1	1	224	\N	\N	\N	47
77	5	384	76.8	\N	32.1	https://doi.org/10.48550/arXiv.2311.17132	https://github.com/DaiShiResearch/TransNeXt	12	1	384	\N	\N	\N	3
76	5	384	43.2	\N	32.1	https://doi.org/10.48550/arXiv.2201.03545	https://github.com/DaiShiResearch/TransNeXt	9	1	384	\N	\N	\N	3
75	5	384	56.4	\N	32.1	https://doi.org/10.48550/arXiv.2311.17132	https://github.com/DaiShiResearch/TransNeXt	8	1	384	\N	\N	\N	3
74	5	384	58.3	\N	32.1	https://doi.org/10.48550/arXiv.2201.03545	https://github.com/DaiShiResearch/TransNeXt	7	1	384	\N	\N	\N	3
73	5	384	86	\N	32.1	https://doi.org/10.48550/arXiv.2311.17132	https://github.com/DaiShiResearch/TransNeXt	1	1	384	\N	\N	\N	3
62	\N	\N	74.8	\N	10.3	https://doi.org/10.48550/arXiv.2201.03545	https://github.com/DaiShiResearch/TransNeXt	12	\N	224	\N	\N	\N	3
60	\N	\N	52.5	\N	10.3	https://doi.org/10.48550/arXiv.2201.03545	https://github.com/DaiShiResearch/TransNeXt	8	\N	224	\N	\N	\N	3
61	\N	\N	39.7	\N	10.3	https://doi.org/10.48550/arXiv.2311.17132	https://github.com/DaiShiResearch/TransNeXt	9	\N	224	\N	\N	\N	3
59	\N	\N	47.1	\N	10.3	https://doi.org/10.48550/arXiv.2311.17132	https://github.com/DaiShiResearch/TransNeXt	7	\N	224	\N	\N	\N	3
58	\N	\N	43.9	\N	10.3	https://doi.org/10.48550/arXiv.2201.03545	https://github.com/DaiShiResearch/TransNeXt	10	\N	224	\N	\N	\N	3
53	\N	\N	46.5	\N	5.7	https://doi.org/10.48550/arXiv.2311.17132	https://github.com/DaiShiResearch/TransNeXt	10	\N	224	\N	\N	\N	2
2	\N	\N	84	\N	5.7	https://doi.org/10.48550/arXiv.2311.17132	https://github.com/DaiShiResearch/TransNeXt	1	\N	224	\N	\N	\N	2
57	\N	\N	73.8	\N	5.7	https://doi.org/10.48550/arXiv.2311.17132	https://github.com/DaiShiResearch/TransNeXt	12	\N	224	\N	\N	\N	2
56	\N	\N	37.6	\N	5.7	https://doi.org/10.48550/arXiv.2201.03545	https://github.com/DaiShiResearch/TransNeXt	9	\N	224	\N	\N	\N	2
55	\N	\N	49.6	\N	5.7	https://doi.org/10.48550/arXiv.2311.17132	https://github.com/DaiShiResearch/TransNeXt	8	\N	224	\N	\N	\N	2
1	\N	\N	82.5	\N	2.7	https://doi.org/10.48550/arXiv.2311.17132	https://github.com/DaiShiResearch/TransNeXt?tab=readme-ov-file	1	\N	224	\N	\N	\N	1
48	\N	\N	50.8	\N	2.7	https://doi.org/10.48550/arXiv.2311.17132	https://github.com/DaiShiResearch/TransNeXt	10	\N	224	\N	\N	\N	1
49	\N	\N	29.9	\N	2.7	https://doi.org/10.48550/arXiv.2311.17132	https://github.com/DaiShiResearch/TransNeXt	7	\N	224	\N	\N	\N	1
172	200	224	83.8	\N	6			1	1	224	\N	\N	\N	43
4	\N	\N	84.8	\N	18.4	https://doi.org/10.48550/arXiv.2311.17132	https://github.com/DaiShiResearch/TransNeXt	1	\N	224	\N	\N	\N	4
72	5	384	77	\N	56.3	https://doi.org/10.48550/arXiv.2201.03545	https://github.com/DaiShiResearch/TransNeXt	12	1	384	\N	\N	\N	4
71	5	384	44.7	\N	56.3	https://doi.org/10.48550/arXiv.2311.17132	https://github.com/DaiShiResearch/TransNeXt	9	1	384	\N	\N	\N	4
70	5	384	57.7	\N	56.3	https://doi.org/10.48550/arXiv.2201.03545	https://github.com/DaiShiResearch/TransNeXt	8	1	384	\N	\N	\N	4
69	5	384	61.6	\N	56.3	https://doi.org/10.48550/arXiv.2311.17132	https://github.com/DaiShiResearch/TransNeXt	7	1	384	\N	\N	\N	4
68	5	384	86.2	\N	56.3	https://doi.org/10.48550/arXiv.2201.03545	https://github.com/DaiShiResearch/TransNeXt	1	1	384	\N	\N	\N	4
67	\N	\N	75.1	\N	18.4	https://doi.org/10.48550/arXiv.2311.17132	https://github.com/DaiShiResearch/TransNeXt	12	\N	224	\N	\N	\N	4
66	\N	\N	41.4	\N	18.4	https://doi.org/10.48550/arXiv.2201.03545	https://github.com/DaiShiResearch/TransNeXt	9	\N	224	\N	\N	\N	4
65	\N	\N	53.9	\N	18.4	https://doi.org/10.48550/arXiv.2311.17132	https://github.com/DaiShiResearch/TransNeXt	8	\N	224	\N	\N	\N	4
64	\N	\N	50.6	\N	18.4	https://doi.org/10.48550/arXiv.2201.03545	https://github.com/DaiShiResearch/TransNeXt	7	\N	224	\N	\N	\N	4
63	\N	\N	43.5	\N	18.4	https://doi.org/10.48550/arXiv.2311.17132	https://github.com/DaiShiResearch/TransNeXt	10	\N	224	\N	\N	\N	4
3	\N	\N	84.7	\N	10.3	https://doi.org/10.48550/arXiv.2311.17132	https://github.com/DaiShiResearch/TransNeXt	1	\N	224	\N	\N	\N	3
173	100	224	84.5	\N	9			1	1	224	\N	\N	\N	44
54	\N	\N	39.9	\N	5.7	https://doi.org/10.48550/arXiv.2201.03545	https://github.com/DaiShiResearch/TransNeXt	7	\N	224	\N	\N	\N	2
174	\N	100	85.2	\N	13			1	1	224	\N	\N	\N	45
50	\N	\N	45.8	\N	2.7	https://doi.org/10.48550/arXiv.2311.17132	https://github.com/DaiShiResearch/TransNeXt	8	\N	224	\N	\N	\N	1
51	\N	\N	33	\N	2.7	https://doi.org/10.48550/arXiv.2311.17132	https://github.com/DaiShiResearch/TransNeXt	9	\N	224	\N	\N	\N	1
52	\N	\N	72.6	\N	2.7	https://doi.org/10.48550/arXiv.2311.17132	https://github.com/DaiShiResearch/TransNeXt	12	\N	224	\N	\N	\N	1
126	\N	\N	74	\N	34.4	https://doi.org/10.48550/arXiv.2204.07118		12	\N	224	\N	\N	\N	5
5	\N	\N	84.3	\N	34.4	https://doi.org/10.48550/arXiv.2201.03545	https://github.com/facebookresearch/ConvNeXt	1	\N	224	\N	\N	\N	5
8	30	384	85.5	\N	101	https://doi.org/10.48550/arXiv.2201.03545	https://github.com/facebookresearch/ConvNeXt	1	1	384	\N	\N	\N	5
127	30	384	75.3	\N	101			12	1	384	\N	\N	\N	5
132	30	224	75.6	\N	15.4	https://doi.org/10.48550/arXiv.2204.07118		12	1	224	\N	\N	\N	8
35	30	384	51.6	\N	45.1	https://doi.org/10.48550/arXiv.2201.03545	https://github.com/facebookresearch/ConvNeXt	9	1	384	\N	\N	\N	8
133	30	384	76.6	\N	45.1	https://doi.org/10.48550/arXiv.2204.07118		12	1	384	\N	\N	\N	8
13	30	224	85.8	\N	15.4	https://doi.org/10.48550/arXiv.2201.03545	https://github.com/facebookresearch/ConvNeXt	1	1	224	\N	\N	\N	8
14	30	384	86.8	\N	45.1	https://doi.org/10.48550/arXiv.2201.03545	https://github.com/facebookresearch/ConvNeXt	1	1	384	\N	\N	\N	8
31	30	384	43.1	\N	45.1	https://doi.org/10.48550/arXiv.2201.03545	https://github.com/facebookresearch/ConvNeXt	10	1	384	\N	\N	\N	8
32	30	384	30.7	\N	45.1	https://doi.org/10.48550/arXiv.2201.03545	https://github.com/facebookresearch/ConvNeXt	11	1	384	\N	\N	\N	8
33	30	384	62.3	\N	45.1	https://doi.org/10.48550/arXiv.2201.03545	https://github.com/facebookresearch/ConvNeXt	7	1	384	\N	\N	\N	8
34	30	384	64.9	\N	45.1	https://doi.org/10.48550/arXiv.2201.03545	https://github.com/facebookresearch/ConvNeXt	8	1	384	\N	\N	\N	8
135	30	384	77.7	\N	101	https://doi.org/10.48550/arXiv.2204.07118		12	1	384	\N	\N	\N	6
9	30	224	86.6	\N	34.4	https://doi.org/10.48550/arXiv.2201.03545	https://github.com/facebookresearch/ConvNeXt	1	1	224	\N	\N	\N	6
10	30	384	87.5	\N	101	https://doi.org/10.48550/arXiv.2201.03545	https://github.com/facebookresearch/ConvNeXt	1	1	384	\N	\N	\N	6
40	30	384	52.8	\N	101	https://doi.org/10.48550/arXiv.2201.03545	https://github.com/facebookresearch/ConvNeXt	9	1	384	\N	\N	\N	6
39	30	384	66.7	\N	101	https://doi.org/10.48550/arXiv.2201.03545	https://github.com/facebookresearch/ConvNeXt	8	1	384	\N	\N	\N	6
38	30	384	65.5	\N	101	https://doi.org/10.48550/arXiv.2201.03545	https://github.com/facebookresearch/ConvNeXt	7	1	384	\N	\N	\N	6
36	30	384	40.2	\N	101	https://doi.org/10.48550/arXiv.2201.03545	https://github.com/facebookresearch/ConvNeXt	10	1	384	\N	\N	\N	6
37	30	384	29.9	\N	101	https://doi.org/10.48550/arXiv.2201.03545	https://github.com/facebookresearch/ConvNeXt	11	1	384	\N	\N	\N	6
134	30	224	76.6	\N	34.4	https://doi.org/10.48550/arXiv.2204.07118		12	1	224	\N	\N	\N	6
136	30	224	77	\N	60.9	https://doi.org/10.48550/arXiv.2204.07118		12	1	224	\N	\N	\N	13
42	30	384	87.8	\N	179	https://doi.org/10.48550/arXiv.2201.03545	https://github.com/facebookresearch/ConvNeXt	1	1	384	\N	\N	\N	13
44	30	384	27.1	\N	179	https://doi.org/10.48550/arXiv.2201.03545	https://github.com/facebookresearch/ConvNeXt	11	1	384	\N	\N	\N	13
43	30	384	38.8	\N	179	https://doi.org/10.48550/arXiv.2201.03545	https://github.com/facebookresearch/ConvNeXt	10	1	384	\N	\N	\N	13
41	30	224	87	\N	60.9	https://doi.org/10.48550/arXiv.2201.03545	https://github.com/facebookresearch/ConvNeXt	1	1	224	\N	\N	\N	13
47	30	384	55	\N	179	https://doi.org/10.48550/arXiv.2201.03545	https://github.com/facebookresearch/ConvNeXt	9	1	384	\N	\N	\N	13
46	30	384	68.2	\N	179	https://doi.org/10.48550/arXiv.2201.03545	https://github.com/facebookresearch/ConvNeXt	8	1	384	\N	\N	\N	13
45	30	384	69.3	\N	179	https://doi.org/10.48550/arXiv.2201.03545	https://github.com/facebookresearch/ConvNeXt	7	1	384	\N	\N	\N	13
137	30	384	77.7	\N	179	https://doi.org/10.48550/arXiv.2204.07118		12	1	384	\N	\N	\N	13
86	30	224	80.9	96	4.5	https://github.com/microsoft/Swin-Transformer		1	1	224	\N	\N	\N	15
87	30	224	83.2	97	8.7	https://github.com/microsoft/Swin-Transformer		1	1	224	\N	\N	\N	19
110	50	224	83.1	\N	4.6			1	1	224	\N	\N	\N	22
111	50	224	73.8	\N	4.6			12	1	224	\N	\N	\N	22
101	20	224	73.6	\N	17.5			12	1	224	\N	\N	\N	23
102	20	384	85	\N	55.5			1	1	384	\N	\N	\N	23
100	20	224	83.8	\N	17.5			1	1	224	\N	\N	\N	23
103	20	384	74.8	\N	55.5			12	1	384	\N	\N	\N	23
113	50	224	76.5	\N	17.6			12	1	224	\N	\N	\N	24
114	50	384	86.7	\N	55.5			1	1	384	\N	\N	\N	24
112	50	224	85.7	\N	17.6			1	1	224	\N	\N	\N	24
115	50	384	77.9	\N	55.5			12	1	384	\N	\N	\N	24
81	30	384	84.5	97	47	https://github.com/microsoft/Swin-Transformer		1	1	384	\N	\N	\N	16
93	\N	\N	35.8	\N	15.4	https://doi.org/10.48550/arXiv.2201.03545		7	\N	224	\N	\N	\N	16
94	\N	\N	46.6	\N	15.4	https://doi.org/10.48550/arXiv.2201.03545		8	\N	224	\N	\N	\N	16
80	\N	\N	83.5	96.5	15.4	https://github.com/microsoft/Swin-Transformer		1	\N	224	\N	\N	\N	16
92	\N	\N	54.4	\N	15.4	https://doi.org/10.48550/arXiv.2201.03545		10	\N	224	\N	\N	\N	16
95	\N	\N	32.4	\N	15.4	https://doi.org/10.48550/arXiv.2201.03545		9	\N	224	\N	\N	\N	16
19	30	224	82.9	\N	4.5	https://doi.org/10.48550/arXiv.2201.03545	https://github.com/facebookresearch/ConvNeXt	1	1	224	\N	\N	\N	12
20	30	384	84.1	\N	13.1	https://doi.org/10.48550/arXiv.2201.03545	https://github.com/facebookresearch/ConvNeXt	1	1	384	\N	\N	\N	12
18	\N	\N	82.1	\N	4.5	https://doi.org/10.48550/arXiv.2201.03545	https://github.com/facebookresearch/ConvNeXt	1	\N	224	\N	\N	\N	11
21	\N	\N	53.2	\N	4.5	https://doi.org/10.48550/arXiv.2201.03545	https://github.com/facebookresearch/ConvNeXt	10	\N	224	\N	\N	\N	11
22	\N	\N	40	\N	4.5	https://doi.org/10.48550/arXiv.2201.03545	https://github.com/facebookresearch/ConvNeXt	11	\N	224	\N	\N	\N	11
23	\N	\N	24.2	\N	4.5	https://doi.org/10.48550/arXiv.2201.03545	https://github.com/facebookresearch/ConvNeXt	7	\N	224	\N	\N	\N	11
24	\N	\N	47.2	\N	4.5	https://doi.org/10.48550/arXiv.2201.03545	https://github.com/facebookresearch/ConvNeXt	8	\N	224	\N	\N	\N	11
25	\N	\N	33.8	\N	4.5	https://doi.org/10.48550/arXiv.2201.03545	https://github.com/facebookresearch/ConvNeXt	9	\N	224	\N	\N	\N	11
16	30	224	84.6	\N	8.7	https://doi.org/10.48550/arXiv.2201.03545	https://github.com/facebookresearch/ConvNeXt	1	1	224	\N	\N	\N	10
17	30	384	85.8	\N	25.5	https://doi.org/10.48550/arXiv.2201.03545	https://github.com/facebookresearch/ConvNeXt	1	1	384	\N	\N	\N	10
15	\N	\N	83.1	\N	8.7	https://doi.org/10.48550/arXiv.2201.03545	https://github.com/facebookresearch/ConvNeXt	1	\N	224	\N	\N	\N	9
160	600	224	76.7	\N	0.55			1	1	224	\N	\N	\N	41
159	600	224	78.5	\N	0.78			1	1	224	\N	\N	\N	40
158	600	224	80.3	\N	1.37			1	1	224	\N	\N	\N	39
108	20	224	85.2	\N	167.4			1	1	224	\N	\N	\N	27
109	20	224	75.9	\N	167.4			12	1	224	\N	\N	\N	27
120	50	224	87.2	\N	167.4			1	1	224	\N	\N	\N	28
121	50	224	79.2	\N	167.4			12	1	224	\N	\N	\N	28
104	20	224	84.9	\N	61.6			1	1	224	\N	\N	\N	25
107	20	384	76.6	\N	191.2			12	1	384	\N	\N	\N	25
105	20	224	75.1	\N	61.6			12	1	224	\N	\N	\N	25
106	20	384	85.8	\N	191.2			1	1	384	\N	\N	\N	25
98	20	384	83.4	\N	15.5			1	1	384	\N	\N	\N	21
96	20	224	81.4	\N	4.6			1	1	224	\N	\N	\N	21
99	20	384	73.1	\N	15.5			12	1	384	\N	\N	\N	21
97	20	224	70.5	\N	4.6			12	1	224	\N	\N	\N	21
116	50	224	87	\N	61.6			1	1	224	\N	\N	\N	26
119	50	384	79.1	\N	191.2			12	1	384	\N	\N	\N	26
117	50	224	78.6	\N	61.6			12	1	224	\N	\N	\N	26
118	50	384	87.7	\N	191.2			1	1	384	\N	\N	\N	26
90	\N	\N	41.3	\N	4.5	https://doi.org/10.48550/arXiv.2201.03545		8	\N	224	\N	\N	\N	14
122	\N	\N	69.5	\N	4.5	https://doi.org/10.48550/arXiv.2204.07118		12	\N	224	\N	\N	\N	14
78	\N	\N	81.3	95.5	4.5	https://github.com/microsoft/Swin-Transformer		1	\N	224	\N	\N	\N	14
91	\N	\N	29.1	\N	4.5	https://doi.org/10.48550/arXiv.2201.03545		9	\N	224	\N	\N	\N	14
88	\N	\N	62	\N	4.5	https://doi.org/10.48550/arXiv.2201.03545		10	\N	224	\N	\N	\N	14
89	\N	\N	21.6	\N	4.5	https://doi.org/10.48550/arXiv.2201.03545		7	\N	224	\N	\N	\N	14
79	\N	\N	83.2	96.2	8.7	https://github.com/microsoft/Swin-Transformer		1	\N	224	\N	\N	\N	18
123	\N	\N	71.8	\N	8.7	https://doi.org/10.48550/arXiv.2204.07118		12	\N	224	\N	\N	\N	18
129	30	384	76.3	\N	47	https://doi.org/10.48550/arXiv.2204.07118		12	1	384	\N	\N	\N	17
82	30	224	85.2	97.5	15.4	https://github.com/microsoft/Swin-Transformer		1	1	224	\N	\N	\N	17
83	30	384	86.4	98	47	https://github.com/microsoft/Swin-Transformer		1	1	384	\N	\N	\N	17
128	30	224	74.6	\N	15.4	https://doi.org/10.48550/arXiv.2204.07118		12	1	224	\N	\N	\N	17
84	30	384	87.3	98.2	103.9	https://github.com/microsoft/Swin-Transformer		1	1	384	\N	\N	\N	20
85	30	224	86.3	97.9	34.5	https://github.com/microsoft/Swin-Transformer		1	1	224	\N	\N	\N	20
130	30	224	76.3	\N	34.5	https://doi.org/10.48550/arXiv.2204.07118		12	1	224	\N	\N	\N	20
131	30	384	77	\N	103.9	https://doi.org/10.48550/arXiv.2204.07118		12	1	384	\N	\N	\N	20
11	\N	\N	83.8	\N	15.4	https://doi.org/10.48550/arXiv.2201.03545	https://github.com/facebookresearch/ConvNeXt	1	\N	224	\N	\N	\N	7
12	30	384	85.1	\N	45	https://doi.org/10.48550/arXiv.2201.03545	https://github.com/facebookresearch/ConvNeXt	1	1	384	\N	\N	\N	7
26	\N	\N	46.8	\N	15.4	https://doi.org/10.48550/arXiv.2201.03545	https://github.com/facebookresearch/ConvNeXt	10	\N	224	\N	\N	\N	7
27	\N	\N	34.4	\N	15.4	https://doi.org/10.48550/arXiv.2201.03545	https://github.com/facebookresearch/ConvNeXt	11	\N	224	\N	\N	\N	7
28	\N	\N	36.7	\N	15.4	https://doi.org/10.48550/arXiv.2201.03545	https://github.com/facebookresearch/ConvNeXt	7	\N	224	\N	\N	\N	7
29	\N	\N	51.3	\N	15.4	https://doi.org/10.48550/arXiv.2201.03545	https://github.com/facebookresearch/ConvNeXt	8	\N	224	\N	\N	\N	7
30	\N	\N	38.2	\N	15.4	https://doi.org/10.48550/arXiv.2201.03545	https://github.com/facebookresearch/ConvNeXt	9	\N	224	\N	\N	\N	7
124	\N	\N	73.4	\N	15.4			12	\N	224	\N	\N	\N	7
125	30	384	74.7	\N	45	https://doi.org/10.48550/arXiv.2204.07118		12	1	384	\N	\N	\N	7
157	600	224	81.9	\N	2.45			1	1	224	\N	\N	\N	38
161	90	224	82.1	\N	2.45			1	1	224	2	90	224	38
162	90	384	83.4	\N	7.21			1	1	384	2	90	384	38
156	300	224	83	\N	4.47			1	1	224	\N	\N	\N	37
163	90	224	83.9	\N	4.47			1	1	224	2	90	224	37
164	90	384	85.1	\N	13.1			1	1	384	2	90	384	37
139	\N	\N	59.4	\N	1.8			12	\N	224	\N	\N	\N	29
140	\N	\N	79.4	\N	1.8			13	\N	224	\N	\N	\N	29
138	\N	\N	71.5	\N	1.8			1	\N	224	\N	\N	\N	29
142	\N	\N	83.4	\N	3.7			13	\N	224	\N	\N	\N	30
143	\N	\N	65.1	\N	3.7			12	\N	224	\N	\N	\N	30
141	\N	\N	76.4	\N	3.7			1	\N	224	\N	\N	\N	30
145	\N	\N	85.7	\N	4.1			13	\N	224	\N	\N	\N	31
146	\N	\N	68.7	\N	4.1			12	\N	224	\N	\N	\N	31
144	\N	\N	80.4	\N	4.1			1	\N	224	\N	\N	\N	31
148	\N	\N	86.3	\N	7.9			13	\N	224	\N	\N	\N	32
149	\N	\N	70.3	\N	7.9			12	\N	224	\N	\N	\N	32
147	\N	\N	81.5	\N	7.9			1	\N	224	\N	\N	\N	32
152	\N	\N	70.6	\N	11.6			12	\N	224	\N	\N	\N	33
151	\N	\N	86.4	\N	11.6			13	\N	224	\N	\N	\N	33
150	\N	\N	82	\N	11.6			1	\N	224	\N	\N	\N	33
155	100	224	84.9	\N	15.4			1	1	224	\N	\N	\N	36
165	30	224	86.8	\N	15.4			1	1	224	2	90	224	36
166	30	384	87.7	\N	45.2			1	1	384	2	90	384	36
154	100	224	85.8	\N	34.4			1	1	224	\N	\N	\N	35
168	30	384	88.2	\N	101.1			1	1	384	2	90	384	35
167	30	224	87.3	\N	34.4			1	1	224	2	90	224	35
153	50	224	86.3	\N	115			1	1	224	\N	\N	\N	34
169	30	384	88.7	\N	337.9			1	1	384	2	90	384	34
170	30	512	88.9	\N	600.8			1	1	512	2	90	512	34
175	50	224	86.1	\N	40			1	1	224	\N	\N	\N	46
\.


--
-- Data for Name: view_dataset; Type: TABLE DATA; Schema: public; Owner: postgres
--

COPY public.view_dataset (id, name, website, eval) FROM stdin;
1	ImageNet-1k	https://www.image-net.org/index.php	t
4	COCO (val)	https://cocodataset.org/#home	t
6	ADE20K	https://groups.csail.mit.edu/vision/datasets/ADE20K/	t
7	ImageNet-A	https://github.com/hendrycks/natural-adv-examples?tab=readme-ov-file	t
8	ImageNet-R	https://github.com/hendrycks/imagenet-r	t
9	ImageNet-Sketch	https://github.com/HaohanWang/ImageNet-Sketch	t
10	ImageNet-C	https://github.com/hendrycks/robustness	t
11	ImageNet-C-bar	https://github.com/facebookresearch/augmentation-corruption	t
12	ImageNet-V2	https://imagenetv2.org/	t
2	ImageNet-22k	https://www.image-net.org/index.php	f
5	COCO (test)	https://cocodataset.org/#home	t
3	COCO (train)	https://cocodataset.org/#home	f
13	ImageNet-ReaL	https://github.com/google-research/reassessed-imagenet	t
\.


--
-- Data for Name: view_dataset_tasks; Type: TABLE DATA; Schema: public; Owner: postgres
--

COPY public.view_dataset_tasks (id, dataset_id, task_id) FROM stdin;
1	1	4
2	2	4
3	3	2
4	3	3
5	4	2
6	4	3
7	5	2
8	5	3
9	6	3
10	6	5
11	6	6
12	7	4
13	8	4
14	9	4
15	10	4
16	11	4
17	12	4
18	13	4
\.


--
-- Data for Name: view_downstreamhead; Type: TABLE DATA; Schema: public; Owner: postgres
--

COPY public.view_downstreamhead (id, name, paper, github) FROM stdin;
1	Mask R-CNN	https://doi.org/10.48550/arXiv.1703.06870	https://github.com/facebookresearch/Detectron?tab=readme-ov-file
2	Cascade Mask R-CNN	https://doi.org/10.48550/arXiv.1906.09756	https://github.com/zhaoweicai/Detectron-Cascade-RCNN?tab=readme-ov-file
\.


--
-- Data for Name: view_downstreamhead_tasks; Type: TABLE DATA; Schema: public; Owner: postgres
--

COPY public.view_downstreamhead_tasks (id, downstreamhead_id, task_id) FROM stdin;
1	1	2
2	1	3
3	2	2
4	2	3
\.


--
-- Data for Name: view_fpsmeasurement; Type: TABLE DATA; Schema: public; Owner: postgres
--

COPY public.view_fpsmeasurement (id, backbone_name, resolution, fps, gpu, "precision", batch_size, source) FROM stdin;
5	TransNeXt-Micro	224	1117	V100	FP16	64	https://doi.org/10.48550/arXiv.2311.17132
24	Swin-T	224	755.2	V100	FP32	\N	https://arxiv.org/abs/2103.14030
25	Swin-S	224	436.9	V100	FP32	\N	https://arxiv.org/abs/2103.14030
26	Swin-B	224	278.1	V100	FP32	\N	https://arxiv.org/abs/2103.14030
27	Swin-B	384	84.7	V100	FP32	\N	https://arxiv.org/abs/2103.14030
28	Swin-L	384	42.1	V100	FP32	\N	https://arxiv.org/abs/2103.14030
29	Swin-T	384	219.5	V100	FP32	\N	https://arxiv.org/abs/2103.14030
30	Swin-S	384	127.6	V100	FP32	\N	https://arxiv.org/abs/2103.14030
31	Swin-T	224	1325.6	A100	TF32	\N	https://doi.org/10.48550/arXiv.2201.03545
32	Swin-S	224	857.3	A100	TF32	\N	https://doi.org/10.48550/arXiv.2201.03545
33	Swin-B	224	662.8	A100	TF32	\N	https://doi.org/10.48550/arXiv.2201.03545
34	Swin-B	384	242.5	A100	TF32	\N	https://doi.org/10.48550/arXiv.2201.03545
35	Swin-L	224	435.9	A100	TF32	\N	https://doi.org/10.48550/arXiv.2201.03545
36	Swin-L	384	157.9	A100	TF32	\N	https://doi.org/10.48550/arXiv.2201.03545
37	Swin-L	224	141	V100	FP32	\N	https://github.com/microsoft/Swin-Transformer
60	ConvNeXt-B	224	563	V100	AMP	\N	https://doi.org/10.48550/arXiv.2204.07118
44	ConvNeXt-T/CascadeMaskRCNN	1280	12.2	A100	TF32	\N	https://doi.org/10.48550/arXiv.2201.03545
39	Swin-T/CascadeMaskRCNN	1280	12.2	A100	TF32	\N	https://arxiv.org/abs/2201.03545
41	Swin-B/CascadeMaskRCNN	1280	10.7	A100	TF32	\N	https://arxiv.org/abs/2201.03545
61	ConvNeXt-B	384	190	V100	AMP	\N	https://doi.org/10.48550/arXiv.2204.07118
42	Swin-L/CascadeMaskRCNN	1280	9.2	A100	TF32	\N	https://arxiv.org/abs/2201.03545
40	Swin-S/CascadeMaskRCNN	1280	11.4	A100	TF32	\N	https://arxiv.org/abs/2201.03545
49	ViT-S (DeiT III)	224	1891	V100	AMP	\N	
50	ViT-S (DeiT III)	384	424	V100	AMP	\N	
51	ViT-B (DeiT III)	224	831	V100	AMP	\N	
52	ViT-B (DeiT III)	384	190	V100	AMP	\N	
53	ViT-L (DeiT III)	224	277	V100	AMP	\N	
54	ViT-L (DeiT III)	384	67	V100	AMP	\N	
55	ViT-H (DeiT III)	224	112	V100	AMP	\N	
56	Swin-T	224	1109	V100	AMP	\N	https://doi.org/10.48550/arXiv.2204.07118
57	Swin-S	224	718	V100	AMP	\N	https://doi.org/10.48550/arXiv.2204.07118
58	Swin-B	224	532	V100	AMP	\N	https://doi.org/10.48550/arXiv.2204.07118
59	Swin-B	384	160	V100	AMP	\N	https://doi.org/10.48550/arXiv.2204.07118
62	ConvNeXt-L	224	344	V100	AMP	\N	https://doi.org/10.48550/arXiv.2204.07118
63	ConvNeXt-L	384	115	V100	AMP	\N	
47	ConvNeXt-L/CascadeMaskRCNN	1280	10	A100	TF32	\N	https://doi.org/10.48550/arXiv.2201.03545
46	ConvNeXt-B/CascadeMaskRCNN	1280	11.4	A100	TF32	\N	https://doi.org/10.48550/arXiv.2201.03545
45	ConvNeXt-S/CascadeMaskRCNN	1280	12	A100	TF32	\N	https://doi.org/10.48550/arXiv.2201.03545
43	ConvNext-T/MaskRCNN	1280	25.6	A100	TF32	\N	https://doi.org/10.48550/arXiv.2201.03545
48	ConvNeXt-XL/CascadeMaskRCNN	1280	8.6	A100	TF32	\N	https://doi.org/10.48550/arXiv.2201.03545
23	ConvNeXt-L	384	211.4	A100	TF32	\N	https://doi.org/10.48550/arXiv.2201.03545
1	TransNeXt-B	224	297	V100	FP16	64	https://doi.org/10.48550/arXiv.2311.17132
2	TransNeXt-S	224	394	V100	FP16	64	https://doi.org/10.48550/arXiv.2311.17132
3	TransNeXt-T	224	756	V100	FP16	64	https://doi.org/10.48550/arXiv.2311.17132
4	TransNeXt-T	224	413	V100	FP32	64	https://doi.org/10.48550/arXiv.2311.17132
6	ConvNeXt-T	224	774.7	V100	FP32	\N	https://doi.org/10.48550/arXiv.2201.03545
7	ConvNeXt-T	384	282.8	V100	FP32	\N	https://doi.org/10.48550/arXiv.2201.03545
8	ConvNeXt-S	224	447.1	V100	FP32	\N	https://doi.org/10.48550/arXiv.2201.03545
9	ConvNeXt-S	384	163.5	V100	FP32	\N	https://doi.org/10.48550/arXiv.2201.03545
10	ConvNeXt-B	224	292.1	V100	FP32	\N	https://doi.org/10.48550/arXiv.2201.03545
11	ConvNeXt-B	384	95.7	V100	FP32	\N	https://doi.org/10.48550/arXiv.2201.03545
12	ConvNeXt-L	224	146.8	V100	FP32	\N	https://doi.org/10.48550/arXiv.2201.03545
13	ConvNeXt-L	384	50.4	V100	FP32	\N	https://doi.org/10.48550/arXiv.2201.03545
14	ConvNeXt-XL	224	89.3	V100	FP32	\N	https://doi.org/10.48550/arXiv.2201.03545
15	ConvNeXt-XL	384	30.2	V100	FP32	\N	https://doi.org/10.48550/arXiv.2201.03545
16	ConvNeXt-XL	224	424.4	A100	TF32	\N	https://doi.org/10.48550/arXiv.2201.03545
17	ConvNeXt-XL	384	147.4	A100	TF32	\N	https://doi.org/10.48550/arXiv.2201.03545
18	ConvNeXt-T	224	1943.5	A100	TF32	\N	https://doi.org/10.48550/arXiv.2201.03545
19	ConvNeXt-S	224	1275.3	A100	TF32	\N	https://doi.org/10.48550/arXiv.2201.03545
20	ConvNeXt-B	224	969	A100	TF32	\N	https://doi.org/10.48550/arXiv.2201.03545
21	ConvNeXt-B	384	336.6	A100	TF32	\N	https://doi.org/10.48550/arXiv.2201.03545
22	ConvNeXt-L	224	611.5	A100	TF32	\N	https://doi.org/10.48550/arXiv.2201.03545
64	Swin-L	224	337	V100	AMP	\N	https://doi.org/10.48550/arXiv.2204.07118
65	Swin-L	384	100	V100	AMP	\N	https://doi.org/10.48550/arXiv.2204.07118
66	ConvNeXt-XL	224	241	V100	AMP	\N	https://doi.org/10.48550/arXiv.2204.07118
67	ConvNeXt-XL	384	80	V100	AMP	\N	https://doi.org/10.48550/arXiv.2204.07118
68	ResNet-18 (RSB)	224	7960	V100	FP16	\N	
69	ResNet-34 (RSB)	224	4862	V100	FP16	\N	
70	ResNet-50 (RSB)	224	2537	V100	FP16	\N	
71	ResNet-101 (RSB)	224	1548	V100	FP16	\N	
72	ResNet-152 (RSB)	224	1094	V100	FP16	\N	
73	ResNet-50 (RSB)	224	2587	V100	AMP	\N	https://doi.org/10.48550/arXiv.2204.07118
74	ResNet-101 (RSB)	224	1586	V100	AMP	\N	https://doi.org/10.48550/arXiv.2204.07118
75	ResNet-152 (RSB)	224	1122	V100	AMP	\N	https://doi.org/10.48550/arXiv.2204.07118
76	Hiera-T	224	2758	A100	FP16	\N	
77	Hiera-S	224	2211	A100	FP16	\N	
78	Hiera-B	224	1556	A100	FP16	\N	
79	Hiera-B+	224	1247	A100	FP16	\N	
80	Hiera-L	224	532	A100	FP16	\N	
81	Hiera-H	224	274	A100	FP16	\N	
85	ConvNeXt V20T	224	1381	A100	FP16	\N	https://doi.org/10.48550/arXiv.2306.00989
86	ConvNeXt V2-B	224	646	A100	FP16	\N	https://doi.org/10.48550/arXiv.2306.00989
87	ConvNeXt V2-L	224	414	A100	FP16	\N	https://doi.org/10.48550/arXiv.2306.00989
88	ConvNeXt V2-H	224	202	A100	FP16	\N	https://doi.org/10.48550/arXiv.2306.00989
91	Swin-B/CascadeMaskRCNN	1280	13.2	A100	FP32	\N	https://doi.org/10.48550/arXiv.2203.16527
92	Swin-L/CascadeMaskRCNN	1280	10.4	A100	FP32	\N	https://doi.org/10.48550/arXiv.2203.16527
93	Swin-B/MaskRCNN	1280	6.1	V100	FP16	\N	https://doi.org/10.48550/arXiv.2306.00989
94	Swin-L/MaskRCNN	1280	4.1	V100	FP32	\N	https://doi.org/10.48550/arXiv.2306.00989
89	Swin-B/MaskRCNN	1280	16.7	A100	FP32	\N	https://doi.org/10.48550/arXiv.2203.16527
38	Swin-T/MaskRCNN	1280	23.1	A100	TF32	\N	https://doi.org/10.48550/arXiv.2201.03545
84	Hiera-L-IN1k/MaskRCNN	1280	2.9	V100	FP32	\N	
83	Hiera-B+-IN1k/MaskRCNN	1280	5.2	V100	FP32	\N	
82	Hiera-B-IN1k/MaskRCNN	1280	5.8	V100	FP32	\N	
90	Swin-L/MaskRCNN	1280	12.3	A100	FP32	\N	https://doi.org/10.48550/arXiv.2203.16527
\.


--
-- Data for Name: view_instanceresult; Type: TABLE DATA; Schema: public; Owner: postgres
--

COPY public.view_instanceresult (id, train_epochs, "mAP", "AP50", "AP75", "mAPs", "mAPm", "mAPl", gflops, paper, github, dataset_id, head_id, train_dataset_id, instance_type_id, intermediate_train_dataset_id, intermediate_train_epochs, pretrained_backbone_id) FROM stdin;
36	36	45	68.4	49.1	\N	\N	\N	827			4	2	3	3	\N	\N	1
7	12	51.7	73.2	56.9	\N	\N	\N	709	https://doi.org/10.48550/arXiv.2311.17132	https://github.com/DaiShiResearch/TransNeXt	4	1	3	2	\N	\N	4
8	12	45.9	70.5	49.7	\N	\N	\N	709	https://doi.org/10.48550/arXiv.2311.17132	https://github.com/DaiShiResearch/TransNeXt	4	1	3	3	\N	\N	4
5	12	51.1	72.6	56.2	\N	\N	\N	501	https://doi.org/10.48550/arXiv.2311.17132	https://github.com/DaiShiResearch/TransNeXt	4	1	3	2	\N	\N	3
6	12	45.5	69.8	49.1	\N	\N	\N	501	https://doi.org/10.48550/arXiv.2311.17132	https://github.com/DaiShiResearch/TransNeXt	4	1	3	3	\N	\N	3
3	12	49.9	71.5	54.9	\N	\N	\N	356	https://doi.org/10.48550/arXiv.2311.17132	https://github.com/DaiShiResearch/TransNeXt	4	1	3	2	\N	\N	2
4	12	44.6	68.6	48.1	\N	\N	\N	356	https://doi.org/10.48550/arXiv.2311.17132	https://github.com/DaiShiResearch/TransNeXt	4	1	3	3	\N	\N	2
13	36	54	73.1	58.8	\N	\N	\N	964	https://doi.org/10.48550/arXiv.2201.03545	https://github.com/facebookresearch/ConvNeXt	4	2	3	2	\N	\N	8
14	36	46.9	70.6	51.3	\N	\N	\N	964	https://doi.org/10.48550/arXiv.2201.03545	https://github.com/facebookresearch/ConvNeXt	4	2	3	3	\N	\N	8
9	36	54.8	73.8	59.8	\N	\N	\N	1354	https://doi.org/10.48550/arXiv.2201.03545	https://github.com/facebookresearch/ConvNeXt	4	2	3	2	\N	\N	6
10	36	47.6	71.3	51.7	\N	\N	\N	1354	https://doi.org/10.48550/arXiv.2201.03545	https://github.com/facebookresearch/ConvNeXt	4	2	3	3	\N	\N	6
20	36	55.2	74.2	59.9	\N	\N	\N	1898	https://doi.org/10.48550/arXiv.2201.03545	https://github.com/facebookresearch/ConvNeXt	4	2	3	2	\N	\N	13
21	36	47.7	71.6	52.2	\N	\N	\N	1898	https://doi.org/10.48550/arXiv.2201.03545	https://github.com/facebookresearch/ConvNeXt	4	2	3	3	\N	\N	13
30	36	51.9	70.5	56.4	\N	\N	\N	982	https://doi.org/10.48550/arXiv.2201.03545		4	2	3	2	\N	\N	16
31	36	45	68.1	48.9	\N	\N	\N	982	https://doi.org/10.48550/arXiv.2201.03545		4	2	3	3	\N	\N	16
16	36	50.4	69.1	54.8	\N	\N	\N	741	https://doi.org/10.48550/arXiv.2201.03545	https://github.com/facebookresearch/ConvNeXt	4	2	3	2	\N	\N	11
18	36	46.2	67.9	50.8	\N	\N	\N	262	https://doi.org/10.48550/arXiv.2201.03545	https://github.com/facebookresearch/ConvNeXt	4	1	3	2	\N	\N	11
17	36	43.7	66.5	47.3	\N	\N	\N	741	https://doi.org/10.48550/arXiv.2201.03545	https://github.com/facebookresearch/ConvNeXt	4	2	3	3	\N	\N	11
19	36	41.7	65	44.9	\N	\N	\N	262	https://doi.org/10.48550/arXiv.2201.03545	https://github.com/facebookresearch/ConvNeXt	4	1	3	3	\N	\N	11
15	36	51.9	70.8	56.5	\N	\N	\N	827	https://doi.org/10.48550/arXiv.2201.03545	https://github.com/facebookresearch/ConvNeXt	4	2	3	2	\N	\N	9
24	36	46	68.1	50.3	\N	\N	\N	267	https://doi.org/10.48550/arXiv.2201.03545		4	1	3	2	\N	\N	14
25	36	41.6	65.1	44.9	\N	\N	\N	267	https://doi.org/10.48550/arXiv.2201.03545		4	1	3	3	\N	\N	14
26	36	50.4	69.2	54.7	\N	\N	\N	745	https://doi.org/10.48550/arXiv.2201.03545		4	2	3	2	\N	\N	14
27	36	43.7	66.6	47.3	\N	\N	\N	745	https://doi.org/10.48550/arXiv.2201.03545		4	2	3	3	\N	\N	14
23	36	43.3	\N	\N	\N	\N	\N	359	https://github.com/microsoft/Swin-Transformer		4	1	3	3	\N	\N	18
22	36	48.5	\N	\N	\N	\N	\N	359	https://github.com/microsoft/Swin-Transformer		4	1	3	2	\N	\N	18
28	36	51.9	70.7	56.3	\N	\N	\N	838	https://doi.org/10.48550/arXiv.2201.03545		4	2	3	2	\N	\N	18
29	36	45	68.2	48.8	\N	\N	\N	838	https://doi.org/10.48550/arXiv.2201.03545		4	2	3	3	\N	\N	18
32	36	53	71.8	57.5	\N	\N	\N	982	https://doi.org/10.48550/arXiv.2201.03545		4	2	3	2	\N	\N	17
33	36	45.8	69.4	49.7	\N	\N	\N	982	https://doi.org/10.48550/arXiv.2201.03545		4	2	3	3	\N	\N	17
35	36	46.7	70.1	50.8	\N	\N	\N	1382	https://doi.org/10.48550/arXiv.2201.03545		4	2	3	3	\N	\N	20
34	36	53.9	72.4	58.8	\N	\N	\N	1382	https://doi.org/10.48550/arXiv.2201.03545		4	2	3	2	\N	\N	20
11	36	52.7	71.3	57.2	\N	\N	\N	964	https://doi.org/10.48550/arXiv.2201.03545	https://github.com/facebookresearch/ConvNeXt	4	2	3	2	\N	\N	7
12	36	45.6	68.9	49.5	\N	\N	\N	964	https://doi.org/10.48550/arXiv.2201.03545	https://github.com/facebookresearch/ConvNeXt	4	2	3	3	\N	\N	7
41	36	52.9	72.6	58.9	\N	\N	\N	486			4	1	3	2	\N	\N	36
42	36	46.6	70	51.1	\N	\N	\N	486			4	1	3	3	\N	\N	36
40	36	47.7	71.4	52.3	\N	\N	\N	875			4	1	3	3	\N	\N	35
39	36	54.4	73.9	60.4	\N	\N	\N	875			4	1	3	2	\N	\N	35
37	36	55.7	75.2	61.8	\N	\N	\N	2525			4	1	3	2	\N	\N	34
38	36	48.9	72.8	53.6	\N	\N	\N	2525			4	1	3	3	\N	\N	34
44	100	46.3	\N	\N	\N	\N	\N	600			4	1	3	3	\N	\N	44
45	100	53.5	\N	\N	\N	\N	\N	600			4	1	3	2	\N	\N	45
46	100	47.3	\N	\N	\N	\N	\N	600			4	1	3	3	\N	\N	45
47	100	55	\N	\N	\N	\N	\N	1200			4	1	3	2	\N	\N	46
48	100	48.6	\N	\N	\N	\N	\N	1200			4	1	3	3	\N	\N	46
43	100	52.2	\N	\N	\N	\N	\N	600			4	1	3	2	\N	\N	44
55	50	52.7	\N	\N	\N	\N	\N	982	https://doi.org/10.48550/arXiv.2203.16527		4	2	3	2	\N	\N	16
56	50	45.5	\N	\N	\N	\N	\N	982	https://doi.org/10.48550/arXiv.2203.16527		4	2	3	3	\N	\N	16
57	50	54	\N	\N	\N	\N	\N	982	https://doi.org/10.48550/arXiv.2203.16527		4	2	3	2	\N	\N	17
58	50	46.5	\N	\N	\N	\N	\N	982	https://doi.org/10.48550/arXiv.2203.16527		4	2	3	3	\N	\N	17
59	50	54.8	\N	\N	\N	\N	\N	1382	https://doi.org/10.48550/arXiv.2203.16527		4	2	3	2	\N	\N	20
60	50	47.3	\N	\N	\N	\N	\N	1382	https://doi.org/10.48550/arXiv.2203.16527		4	2	3	3	\N	\N	20
49	50	50.1	\N	\N	\N	\N	\N	700	https://doi.org/10.48550/arXiv.2203.16527		4	1	3	2	\N	\N	16
50	50	44.5	\N	\N	\N	\N	\N	600	https://doi.org/10.48550/arXiv.2203.16527		4	1	3	3	\N	\N	16
51	50	51.4	\N	\N	\N	\N	\N	600	https://doi.org/10.48550/arXiv.2203.16527		4	1	3	2	\N	\N	17
52	50	45.4	\N	\N	\N	\N	\N	600	https://doi.org/10.48550/arXiv.2203.16527		4	1	3	3	\N	\N	17
53	50	52.4	\N	\N	\N	\N	\N	1100	https://doi.org/10.48550/arXiv.2203.16527		4	1	3	2	\N	\N	20
54	50	46.2	\N	\N	\N	\N	\N	1100	https://doi.org/10.48550/arXiv.2203.16527		4	1	3	3	\N	\N	20
\.


--
-- Data for Name: view_instanceresult_fps_measurements; Type: TABLE DATA; Schema: public; Owner: postgres
--

COPY public.view_instanceresult_fps_measurements (id, instanceresult_id, fpsmeasurement_id) FROM stdin;
1	24	38
2	25	38
3	26	39
4	27	39
5	28	40
6	29	40
7	30	41
8	31	41
9	32	41
10	33	41
11	34	42
12	35	42
13	9	47
14	10	47
15	20	48
16	21	48
17	11	46
18	12	46
19	14	46
20	13	46
21	36	45
22	15	45
23	16	44
24	17	44
25	18	43
26	19	43
27	43	82
28	44	82
29	45	83
30	46	83
31	47	84
32	48	84
33	49	89
34	50	89
35	51	89
36	52	89
37	53	90
38	54	90
39	55	91
40	56	91
41	57	91
42	58	91
43	59	92
44	60	92
45	49	93
46	50	93
47	51	93
48	52	93
49	53	94
50	54	94
\.


--
-- Data for Name: view_pretrainedbackbone; Type: TABLE DATA; Schema: public; Owner: postgres
--

COPY public.view_pretrainedbackbone (id, name, pretrain_method, pretrain_resolution, pretrain_epochs, paper, github, backbone_id, pretrain_dataset_id, family_id) FROM stdin;
4	TransNeXt-B-IN1k	Supervised	224	300	https://doi.org/10.48550/arXiv.2311.17132	https://github.com/DaiShiResearch/TransNeXt	4	1	1
3	TransNeXt-S-IN1k	Supervised	224	300	https://doi.org/10.48550/arXiv.2311.17132	https://github.com/DaiShiResearch/TransNeXt	3	1	1
2	TransNeXt-T-IN1k	Supervised	224	300	https://doi.org/10.48550/arXiv.2311.17132	https://github.com/DaiShiResearch/TransNeXt	2	1	1
1	TransNeXt-Micro-IN1k	Supervised	224	300	https://doi.org/10.48550/arXiv.2311.17132	https://github.com/DaiShiResearch/TransNeXt?tab=readme-ov-file	1	1	1
5	ConvNeXt-L-IN1k	Supervised	224	300	https://doi.org/10.48550/arXiv.2201.03545	https://github.com/facebookresearch/ConvNeXt	8	1	2
8	ConvNeXt-B-IN22k	Supervised	224	90	https://doi.org/10.48550/arXiv.2201.03545	https://github.com/facebookresearch/ConvNeXt	7	2	2
6	ConvNeXt-L-IN22k	Supervised	224	90	https://doi.org/10.48550/arXiv.2201.03545	https://github.com/facebookresearch/ConvNeXt	8	2	2
13	ConvNeXt-XL-IN22k	Supervised	224	90	https://doi.org/10.48550/arXiv.2201.03545	https://github.com/facebookresearch/ConvNeXt	9	2	2
15	Swin-T-IN22k	Supervised	224	90		https://github.com/microsoft/Swin-Transformer	10	2	3
19	Swin-S-IN22k	Supervised	224	90			11	2	3
22	ViT-S (DeiT III)-IN22k	Supervised	224	90			14	2	4
23	ViT-B (DeiT III)-IN1k	Supervised	192	800			15	1	4
24	ViT-B (DeiT III)-IN22k	Supervised	224	90			15	2	4
16	Swin-B-IN1k	Supervised	224	300	https://doi.org/10.48550/arXiv.2103.14030	https://github.com/microsoft/Swin-Transformer	12	1	3
12	ConvNeXt-T-IN22k	Supervised	224	90	https://doi.org/10.48550/arXiv.2201.03545	https://github.com/facebookresearch/ConvNeXt	5	2	2
11	ConvNeXt-T-IN1k	Supervised	224	300	https://doi.org/10.48550/arXiv.2201.03545	https://github.com/facebookresearch/ConvNeXt	5	1	2
10	ConvNeXt-S-IN22k	Supervised	224	90	https://doi.org/10.48550/arXiv.2201.03545	https://github.com/facebookresearch/ConvNeXt	6	2	2
9	ConvNeXt-S-IN1k	Supervised	224	300	https://doi.org/10.48550/arXiv.2201.03545	https://github.com/facebookresearch/ConvNeXt	6	1	2
41	ConvNeXt V2-A-IN1k	FCMAE	224	1600			23	1	6
40	ConvNeXt V2-F-IN1k	FCMAE	224	1600			24	1	6
39	ConvNeXt V2-P-IN1k	FCMAE	224	1600			25	1	6
27	ViT-H (DeiT III)-IN1k	Supervised	192	800			17	1	4
28	ViT-H (DeiT III)-IN22k	Supervised	224	90			17	2	4
25	ViT-L (DeiT III)-IN1k	Supervised	192	800			16	1	4
21	ViT-S (DeiT III)-IN1k	Supervised	192	800			14	1	4
26	ViT-L (DeiT III)-IN22k	Supervised	224	90			16	2	4
14	Swin-T-IN1k	Supervised	224	300	https://doi.org/10.48550/arXiv.2103.14030	https://github.com/microsoft/Swin-Transformer	10	1	3
18	Swin-S-IN1k	Supervised	224	300			11	1	3
17	Swin-B-IN22k	Supervised	224	90	https://doi.org/10.48550/arXiv.2103.14030	https://github.com/microsoft/Swin-Transformer	12	2	3
20	Swin-L-IN22k	Supervised	224	90			13	2	3
7	ConvNeXt-B-IN1k	Supervised	224	300	https://doi.org/10.48550/arXiv.2201.03545	https://github.com/facebookresearch/ConvNeXt	7	1	2
38	ConvNeXt V2-N-IN1k	FCMAE	224	1600			26	1	6
37	ConvNeXt V2-T-IN1k	FCMAE	224	1600			27	1	6
29	ResNet-18 (RSB)-IN1k	Supervised	224	600			18	1	5
30	ResNet-34 (RSB)-IN1k	Supervised	224	600			19	1	5
31	ResNet-50 (RSB)-IN1k	Supervised	224	600			20	1	5
32	ResNet-101 (RSB)-IN1k	Supervised	224	600			21	1	5
33	ResNet-152 (RSB)-IN1k	Supervised	224	600			22	1	5
36	ConvNeXt V2-B-IN1k	FCMAE	224	1600			28	1	6
35	ConvNeXt V2-L-IN1k	FCMAE	224	1600			29	1	6
34	ConvNeXt V2-H-IN1k	FCMAE	224	1600			30	1	6
42	Hiera-T-IN1k	MAE	224	1600			31	1	7
43	Hiera-S-IN1k	MAE	224	1600			32	1	7
44	Hiera-B-IN1k	MAE	224	1600			33	1	7
45	Hiera-B+-IN1k	MAE	224	1600			34	1	7
46	Hiera-L-IN1k	MAE	224	1600			35	1	7
47	Hiera-H-IN1k	MAE	224	1600			36	1	7
\.


--
-- Data for Name: view_task; Type: TABLE DATA; Schema: public; Owner: postgres
--

COPY public.view_task (id, name) FROM stdin;
2	Object Detection
3	Instance Segmentation
4	Classification
5	Semantic Segmentation
6	Panoptic Segmentation
\.


--
-- Name: auth_group_id_seq; Type: SEQUENCE SET; Schema: public; Owner: postgres
--

SELECT pg_catalog.setval('public.auth_group_id_seq', 1, false);


--
-- Name: auth_group_permissions_id_seq; Type: SEQUENCE SET; Schema: public; Owner: postgres
--

SELECT pg_catalog.setval('public.auth_group_permissions_id_seq', 1, false);


--
-- Name: auth_permission_id_seq; Type: SEQUENCE SET; Schema: public; Owner: postgres
--

SELECT pg_catalog.setval('public.auth_permission_id_seq', 60, true);


--
-- Name: auth_user_groups_id_seq; Type: SEQUENCE SET; Schema: public; Owner: postgres
--

SELECT pg_catalog.setval('public.auth_user_groups_id_seq', 1, false);


--
-- Name: auth_user_id_seq; Type: SEQUENCE SET; Schema: public; Owner: postgres
--

SELECT pg_catalog.setval('public.auth_user_id_seq', 1, true);


--
-- Name: auth_user_user_permissions_id_seq; Type: SEQUENCE SET; Schema: public; Owner: postgres
--

SELECT pg_catalog.setval('public.auth_user_user_permissions_id_seq', 1, false);


--
-- Name: django_admin_log_id_seq; Type: SEQUENCE SET; Schema: public; Owner: postgres
--

SELECT pg_catalog.setval('public.django_admin_log_id_seq', 832, true);


--
-- Name: django_content_type_id_seq; Type: SEQUENCE SET; Schema: public; Owner: postgres
--

SELECT pg_catalog.setval('public.django_content_type_id_seq', 15, true);


--
-- Name: django_migrations_id_seq; Type: SEQUENCE SET; Schema: public; Owner: postgres
--

SELECT pg_catalog.setval('public.django_migrations_id_seq', 38, true);


--
-- Name: view_backbone_fps_measurements_id_seq; Type: SEQUENCE SET; Schema: public; Owner: postgres
--

SELECT pg_catalog.setval('public.view_backbone_fps_measurements_id_seq', 74, true);


--
-- Name: view_backbone_id_seq; Type: SEQUENCE SET; Schema: public; Owner: postgres
--

SELECT pg_catalog.setval('public.view_backbone_id_seq', 36, true);


--
-- Name: view_backbonefamily_id_seq; Type: SEQUENCE SET; Schema: public; Owner: postgres
--

SELECT pg_catalog.setval('public.view_backbonefamily_id_seq', 7, true);


--
-- Name: view_classificationresult_id_seq; Type: SEQUENCE SET; Schema: public; Owner: postgres
--

SELECT pg_catalog.setval('public.view_classificationresult_id_seq', 176, true);


--
-- Name: view_dataset_id_seq; Type: SEQUENCE SET; Schema: public; Owner: postgres
--

SELECT pg_catalog.setval('public.view_dataset_id_seq', 13, true);


--
-- Name: view_dataset_tasks_id_seq; Type: SEQUENCE SET; Schema: public; Owner: postgres
--

SELECT pg_catalog.setval('public.view_dataset_tasks_id_seq', 18, true);


--
-- Name: view_downstreamhead_id_seq; Type: SEQUENCE SET; Schema: public; Owner: postgres
--

SELECT pg_catalog.setval('public.view_downstreamhead_id_seq', 2, true);


--
-- Name: view_downstreamhead_tasks_id_seq; Type: SEQUENCE SET; Schema: public; Owner: postgres
--

SELECT pg_catalog.setval('public.view_downstreamhead_tasks_id_seq', 4, true);


--
-- Name: view_fpsmeasurement_id_seq; Type: SEQUENCE SET; Schema: public; Owner: postgres
--

SELECT pg_catalog.setval('public.view_fpsmeasurement_id_seq', 94, true);


--
-- Name: view_instanceresult_fps_measurements_id_seq; Type: SEQUENCE SET; Schema: public; Owner: postgres
--

SELECT pg_catalog.setval('public.view_instanceresult_fps_measurements_id_seq', 50, true);


--
-- Name: view_instanceresult_id_seq; Type: SEQUENCE SET; Schema: public; Owner: postgres
--

SELECT pg_catalog.setval('public.view_instanceresult_id_seq', 60, true);


--
-- Name: view_pretrainedbackbone_id_seq; Type: SEQUENCE SET; Schema: public; Owner: postgres
--

SELECT pg_catalog.setval('public.view_pretrainedbackbone_id_seq', 47, true);


--
-- Name: view_task_id_seq; Type: SEQUENCE SET; Schema: public; Owner: postgres
--

SELECT pg_catalog.setval('public.view_task_id_seq', 6, true);


--
-- Name: auth_group auth_group_name_key; Type: CONSTRAINT; Schema: public; Owner: postgres
--

ALTER TABLE ONLY public.auth_group
    ADD CONSTRAINT auth_group_name_key UNIQUE (name);


--
-- Name: auth_group_permissions auth_group_permissions_group_id_permission_id_0cd325b0_uniq; Type: CONSTRAINT; Schema: public; Owner: postgres
--

ALTER TABLE ONLY public.auth_group_permissions
    ADD CONSTRAINT auth_group_permissions_group_id_permission_id_0cd325b0_uniq UNIQUE (group_id, permission_id);


--
-- Name: auth_group_permissions auth_group_permissions_pkey; Type: CONSTRAINT; Schema: public; Owner: postgres
--

ALTER TABLE ONLY public.auth_group_permissions
    ADD CONSTRAINT auth_group_permissions_pkey PRIMARY KEY (id);


--
-- Name: auth_group auth_group_pkey; Type: CONSTRAINT; Schema: public; Owner: postgres
--

ALTER TABLE ONLY public.auth_group
    ADD CONSTRAINT auth_group_pkey PRIMARY KEY (id);


--
-- Name: auth_permission auth_permission_content_type_id_codename_01ab375a_uniq; Type: CONSTRAINT; Schema: public; Owner: postgres
--

ALTER TABLE ONLY public.auth_permission
    ADD CONSTRAINT auth_permission_content_type_id_codename_01ab375a_uniq UNIQUE (content_type_id, codename);


--
-- Name: auth_permission auth_permission_pkey; Type: CONSTRAINT; Schema: public; Owner: postgres
--

ALTER TABLE ONLY public.auth_permission
    ADD CONSTRAINT auth_permission_pkey PRIMARY KEY (id);


--
-- Name: auth_user_groups auth_user_groups_pkey; Type: CONSTRAINT; Schema: public; Owner: postgres
--

ALTER TABLE ONLY public.auth_user_groups
    ADD CONSTRAINT auth_user_groups_pkey PRIMARY KEY (id);


--
-- Name: auth_user_groups auth_user_groups_user_id_group_id_94350c0c_uniq; Type: CONSTRAINT; Schema: public; Owner: postgres
--

ALTER TABLE ONLY public.auth_user_groups
    ADD CONSTRAINT auth_user_groups_user_id_group_id_94350c0c_uniq UNIQUE (user_id, group_id);


--
-- Name: auth_user auth_user_pkey; Type: CONSTRAINT; Schema: public; Owner: postgres
--

ALTER TABLE ONLY public.auth_user
    ADD CONSTRAINT auth_user_pkey PRIMARY KEY (id);


--
-- Name: auth_user_user_permissions auth_user_user_permissions_pkey; Type: CONSTRAINT; Schema: public; Owner: postgres
--

ALTER TABLE ONLY public.auth_user_user_permissions
    ADD CONSTRAINT auth_user_user_permissions_pkey PRIMARY KEY (id);


--
-- Name: auth_user_user_permissions auth_user_user_permissions_user_id_permission_id_14a6b632_uniq; Type: CONSTRAINT; Schema: public; Owner: postgres
--

ALTER TABLE ONLY public.auth_user_user_permissions
    ADD CONSTRAINT auth_user_user_permissions_user_id_permission_id_14a6b632_uniq UNIQUE (user_id, permission_id);


--
-- Name: auth_user auth_user_username_key; Type: CONSTRAINT; Schema: public; Owner: postgres
--

ALTER TABLE ONLY public.auth_user
    ADD CONSTRAINT auth_user_username_key UNIQUE (username);


--
-- Name: django_admin_log django_admin_log_pkey; Type: CONSTRAINT; Schema: public; Owner: postgres
--

ALTER TABLE ONLY public.django_admin_log
    ADD CONSTRAINT django_admin_log_pkey PRIMARY KEY (id);


--
-- Name: django_content_type django_content_type_app_label_model_76bd3d3b_uniq; Type: CONSTRAINT; Schema: public; Owner: postgres
--

ALTER TABLE ONLY public.django_content_type
    ADD CONSTRAINT django_content_type_app_label_model_76bd3d3b_uniq UNIQUE (app_label, model);


--
-- Name: django_content_type django_content_type_pkey; Type: CONSTRAINT; Schema: public; Owner: postgres
--

ALTER TABLE ONLY public.django_content_type
    ADD CONSTRAINT django_content_type_pkey PRIMARY KEY (id);


--
-- Name: django_migrations django_migrations_pkey; Type: CONSTRAINT; Schema: public; Owner: postgres
--

ALTER TABLE ONLY public.django_migrations
    ADD CONSTRAINT django_migrations_pkey PRIMARY KEY (id);


--
-- Name: django_session django_session_pkey; Type: CONSTRAINT; Schema: public; Owner: postgres
--

ALTER TABLE ONLY public.django_session
    ADD CONSTRAINT django_session_pkey PRIMARY KEY (session_key);


--
-- Name: view_backbone_fps_measurements view_backbone_fps_measur_backbone_id_fpsmeasureme_8fa147ef_uniq; Type: CONSTRAINT; Schema: public; Owner: postgres
--

ALTER TABLE ONLY public.view_backbone_fps_measurements
    ADD CONSTRAINT view_backbone_fps_measur_backbone_id_fpsmeasureme_8fa147ef_uniq UNIQUE (backbone_id, fpsmeasurement_id);


--
-- Name: view_backbone_fps_measurements view_backbone_fps_measurements_pkey; Type: CONSTRAINT; Schema: public; Owner: postgres
--

ALTER TABLE ONLY public.view_backbone_fps_measurements
    ADD CONSTRAINT view_backbone_fps_measurements_pkey PRIMARY KEY (id);


--
-- Name: view_backbone view_backbone_pkey; Type: CONSTRAINT; Schema: public; Owner: postgres
--

ALTER TABLE ONLY public.view_backbone
    ADD CONSTRAINT view_backbone_pkey PRIMARY KEY (id);


--
-- Name: view_backbonefamily view_backbonefamily_pkey; Type: CONSTRAINT; Schema: public; Owner: postgres
--

ALTER TABLE ONLY public.view_backbonefamily
    ADD CONSTRAINT view_backbonefamily_pkey PRIMARY KEY (id);


--
-- Name: view_classificationresult view_classificationresult_pkey; Type: CONSTRAINT; Schema: public; Owner: postgres
--

ALTER TABLE ONLY public.view_classificationresult
    ADD CONSTRAINT view_classificationresult_pkey PRIMARY KEY (id);


--
-- Name: view_dataset view_dataset_pkey; Type: CONSTRAINT; Schema: public; Owner: postgres
--

ALTER TABLE ONLY public.view_dataset
    ADD CONSTRAINT view_dataset_pkey PRIMARY KEY (id);


--
-- Name: view_dataset_tasks view_dataset_tasks_dataset_id_task_id_631468d8_uniq; Type: CONSTRAINT; Schema: public; Owner: postgres
--

ALTER TABLE ONLY public.view_dataset_tasks
    ADD CONSTRAINT view_dataset_tasks_dataset_id_task_id_631468d8_uniq UNIQUE (dataset_id, task_id);


--
-- Name: view_dataset_tasks view_dataset_tasks_pkey; Type: CONSTRAINT; Schema: public; Owner: postgres
--

ALTER TABLE ONLY public.view_dataset_tasks
    ADD CONSTRAINT view_dataset_tasks_pkey PRIMARY KEY (id);


--
-- Name: view_downstreamhead view_downstreamhead_pkey; Type: CONSTRAINT; Schema: public; Owner: postgres
--

ALTER TABLE ONLY public.view_downstreamhead
    ADD CONSTRAINT view_downstreamhead_pkey PRIMARY KEY (id);


--
-- Name: view_downstreamhead_tasks view_downstreamhead_task_downstreamhead_id_task_i_56ad93c6_uniq; Type: CONSTRAINT; Schema: public; Owner: postgres
--

ALTER TABLE ONLY public.view_downstreamhead_tasks
    ADD CONSTRAINT view_downstreamhead_task_downstreamhead_id_task_i_56ad93c6_uniq UNIQUE (downstreamhead_id, task_id);


--
-- Name: view_downstreamhead_tasks view_downstreamhead_tasks_pkey; Type: CONSTRAINT; Schema: public; Owner: postgres
--

ALTER TABLE ONLY public.view_downstreamhead_tasks
    ADD CONSTRAINT view_downstreamhead_tasks_pkey PRIMARY KEY (id);


--
-- Name: view_fpsmeasurement view_fpsmeasurement_pkey; Type: CONSTRAINT; Schema: public; Owner: postgres
--

ALTER TABLE ONLY public.view_fpsmeasurement
    ADD CONSTRAINT view_fpsmeasurement_pkey PRIMARY KEY (id);


--
-- Name: view_instanceresult_fps_measurements view_instanceresult_fps__instanceresult_id_fpsmea_da4f0ee9_uniq; Type: CONSTRAINT; Schema: public; Owner: postgres
--

ALTER TABLE ONLY public.view_instanceresult_fps_measurements
    ADD CONSTRAINT view_instanceresult_fps__instanceresult_id_fpsmea_da4f0ee9_uniq UNIQUE (instanceresult_id, fpsmeasurement_id);


--
-- Name: view_instanceresult_fps_measurements view_instanceresult_fps_measurements_pkey; Type: CONSTRAINT; Schema: public; Owner: postgres
--

ALTER TABLE ONLY public.view_instanceresult_fps_measurements
    ADD CONSTRAINT view_instanceresult_fps_measurements_pkey PRIMARY KEY (id);


--
-- Name: view_instanceresult view_instanceresult_pkey; Type: CONSTRAINT; Schema: public; Owner: postgres
--

ALTER TABLE ONLY public.view_instanceresult
    ADD CONSTRAINT view_instanceresult_pkey PRIMARY KEY (id);


--
-- Name: view_pretrainedbackbone view_pretrainedbackbone_pkey; Type: CONSTRAINT; Schema: public; Owner: postgres
--

ALTER TABLE ONLY public.view_pretrainedbackbone
    ADD CONSTRAINT view_pretrainedbackbone_pkey PRIMARY KEY (id);


--
-- Name: view_task view_task_pkey; Type: CONSTRAINT; Schema: public; Owner: postgres
--

ALTER TABLE ONLY public.view_task
    ADD CONSTRAINT view_task_pkey PRIMARY KEY (id);


--
-- Name: auth_group_name_a6ea08ec_like; Type: INDEX; Schema: public; Owner: postgres
--

CREATE INDEX auth_group_name_a6ea08ec_like ON public.auth_group USING btree (name varchar_pattern_ops);


--
-- Name: auth_group_permissions_group_id_b120cbf9; Type: INDEX; Schema: public; Owner: postgres
--

CREATE INDEX auth_group_permissions_group_id_b120cbf9 ON public.auth_group_permissions USING btree (group_id);


--
-- Name: auth_group_permissions_permission_id_84c5c92e; Type: INDEX; Schema: public; Owner: postgres
--

CREATE INDEX auth_group_permissions_permission_id_84c5c92e ON public.auth_group_permissions USING btree (permission_id);


--
-- Name: auth_permission_content_type_id_2f476e4b; Type: INDEX; Schema: public; Owner: postgres
--

CREATE INDEX auth_permission_content_type_id_2f476e4b ON public.auth_permission USING btree (content_type_id);


--
-- Name: auth_user_groups_group_id_97559544; Type: INDEX; Schema: public; Owner: postgres
--

CREATE INDEX auth_user_groups_group_id_97559544 ON public.auth_user_groups USING btree (group_id);


--
-- Name: auth_user_groups_user_id_6a12ed8b; Type: INDEX; Schema: public; Owner: postgres
--

CREATE INDEX auth_user_groups_user_id_6a12ed8b ON public.auth_user_groups USING btree (user_id);


--
-- Name: auth_user_user_permissions_permission_id_1fbb5f2c; Type: INDEX; Schema: public; Owner: postgres
--

CREATE INDEX auth_user_user_permissions_permission_id_1fbb5f2c ON public.auth_user_user_permissions USING btree (permission_id);


--
-- Name: auth_user_user_permissions_user_id_a95ead1b; Type: INDEX; Schema: public; Owner: postgres
--

CREATE INDEX auth_user_user_permissions_user_id_a95ead1b ON public.auth_user_user_permissions USING btree (user_id);


--
-- Name: auth_user_username_6821ab7c_like; Type: INDEX; Schema: public; Owner: postgres
--

CREATE INDEX auth_user_username_6821ab7c_like ON public.auth_user USING btree (username varchar_pattern_ops);


--
-- Name: django_admin_log_content_type_id_c4bce8eb; Type: INDEX; Schema: public; Owner: postgres
--

CREATE INDEX django_admin_log_content_type_id_c4bce8eb ON public.django_admin_log USING btree (content_type_id);


--
-- Name: django_admin_log_user_id_c564eba6; Type: INDEX; Schema: public; Owner: postgres
--

CREATE INDEX django_admin_log_user_id_c564eba6 ON public.django_admin_log USING btree (user_id);


--
-- Name: django_session_expire_date_a5c62663; Type: INDEX; Schema: public; Owner: postgres
--

CREATE INDEX django_session_expire_date_a5c62663 ON public.django_session USING btree (expire_date);


--
-- Name: django_session_session_key_c0390e0f_like; Type: INDEX; Schema: public; Owner: postgres
--

CREATE INDEX django_session_session_key_c0390e0f_like ON public.django_session USING btree (session_key varchar_pattern_ops);


--
-- Name: view_backbone_family_id_14b51651; Type: INDEX; Schema: public; Owner: postgres
--

CREATE INDEX view_backbone_family_id_14b51651 ON public.view_backbone USING btree (family_id);


--
-- Name: view_backbone_fps_measurements_backbone_id_600ac048; Type: INDEX; Schema: public; Owner: postgres
--

CREATE INDEX view_backbone_fps_measurements_backbone_id_600ac048 ON public.view_backbone_fps_measurements USING btree (backbone_id);


--
-- Name: view_backbone_fps_measurements_fpsmeasurement_id_b753b8fe; Type: INDEX; Schema: public; Owner: postgres
--

CREATE INDEX view_backbone_fps_measurements_fpsmeasurement_id_b753b8fe ON public.view_backbone_fps_measurements USING btree (fpsmeasurement_id);


--
-- Name: view_classificationresult_dataset_id_468fcb0d; Type: INDEX; Schema: public; Owner: postgres
--

CREATE INDEX view_classificationresult_dataset_id_468fcb0d ON public.view_classificationresult USING btree (dataset_id);


--
-- Name: view_classificationresult_fine_tune_dataset_id_e978ec5e; Type: INDEX; Schema: public; Owner: postgres
--

CREATE INDEX view_classificationresult_fine_tune_dataset_id_e978ec5e ON public.view_classificationresult USING btree (fine_tune_dataset_id);


--
-- Name: view_classificationresult_intermediate_fine_tune_dat_df2eab7e; Type: INDEX; Schema: public; Owner: postgres
--

CREATE INDEX view_classificationresult_intermediate_fine_tune_dat_df2eab7e ON public.view_classificationresult USING btree (intermediate_fine_tune_dataset_id);


--
-- Name: view_classificationresult_pretrained_backbone_id_3c5b42ca; Type: INDEX; Schema: public; Owner: postgres
--

CREATE INDEX view_classificationresult_pretrained_backbone_id_3c5b42ca ON public.view_classificationresult USING btree (pretrained_backbone_id);


--
-- Name: view_dataset_tasks_dataset_id_e86cc5f4; Type: INDEX; Schema: public; Owner: postgres
--

CREATE INDEX view_dataset_tasks_dataset_id_e86cc5f4 ON public.view_dataset_tasks USING btree (dataset_id);


--
-- Name: view_dataset_tasks_task_id_b4d343b8; Type: INDEX; Schema: public; Owner: postgres
--

CREATE INDEX view_dataset_tasks_task_id_b4d343b8 ON public.view_dataset_tasks USING btree (task_id);


--
-- Name: view_downstreamhead_tasks_downstreamhead_id_7d882565; Type: INDEX; Schema: public; Owner: postgres
--

CREATE INDEX view_downstreamhead_tasks_downstreamhead_id_7d882565 ON public.view_downstreamhead_tasks USING btree (downstreamhead_id);


--
-- Name: view_downstreamhead_tasks_task_id_bee4481e; Type: INDEX; Schema: public; Owner: postgres
--

CREATE INDEX view_downstreamhead_tasks_task_id_bee4481e ON public.view_downstreamhead_tasks USING btree (task_id);


--
-- Name: view_instanceresult_dataset_id_5b73b6d5; Type: INDEX; Schema: public; Owner: postgres
--

CREATE INDEX view_instanceresult_dataset_id_5b73b6d5 ON public.view_instanceresult USING btree (dataset_id);


--
-- Name: view_instanceresult_fps_measurements_fpsmeasurement_id_02e772df; Type: INDEX; Schema: public; Owner: postgres
--

CREATE INDEX view_instanceresult_fps_measurements_fpsmeasurement_id_02e772df ON public.view_instanceresult_fps_measurements USING btree (fpsmeasurement_id);


--
-- Name: view_instanceresult_fps_measurements_instanceresult_id_45de1c21; Type: INDEX; Schema: public; Owner: postgres
--

CREATE INDEX view_instanceresult_fps_measurements_instanceresult_id_45de1c21 ON public.view_instanceresult_fps_measurements USING btree (instanceresult_id);


--
-- Name: view_instanceresult_head_id_4508946f; Type: INDEX; Schema: public; Owner: postgres
--

CREATE INDEX view_instanceresult_head_id_4508946f ON public.view_instanceresult USING btree (head_id);


--
-- Name: view_instanceresult_instance_type_id_711d6ccd; Type: INDEX; Schema: public; Owner: postgres
--

CREATE INDEX view_instanceresult_instance_type_id_711d6ccd ON public.view_instanceresult USING btree (instance_type_id);


--
-- Name: view_instanceresult_intermediate_train_dataset_id_7bcb686b; Type: INDEX; Schema: public; Owner: postgres
--

CREATE INDEX view_instanceresult_intermediate_train_dataset_id_7bcb686b ON public.view_instanceresult USING btree (intermediate_train_dataset_id);


--
-- Name: view_instanceresult_pretrained_backbone_id_b7ac32db; Type: INDEX; Schema: public; Owner: postgres
--

CREATE INDEX view_instanceresult_pretrained_backbone_id_b7ac32db ON public.view_instanceresult USING btree (pretrained_backbone_id);


--
-- Name: view_instanceresult_train_dataset_id_9b802207; Type: INDEX; Schema: public; Owner: postgres
--

CREATE INDEX view_instanceresult_train_dataset_id_9b802207 ON public.view_instanceresult USING btree (train_dataset_id);


--
-- Name: view_pretrainedbackbone_backbone_id_ae827d72; Type: INDEX; Schema: public; Owner: postgres
--

CREATE INDEX view_pretrainedbackbone_backbone_id_ae827d72 ON public.view_pretrainedbackbone USING btree (backbone_id);


--
-- Name: view_pretrainedbackbone_family_id_4ba8f358; Type: INDEX; Schema: public; Owner: postgres
--

CREATE INDEX view_pretrainedbackbone_family_id_4ba8f358 ON public.view_pretrainedbackbone USING btree (family_id);


--
-- Name: view_pretrainedbackbone_pretrain_dataset_id_e5407885; Type: INDEX; Schema: public; Owner: postgres
--

CREATE INDEX view_pretrainedbackbone_pretrain_dataset_id_e5407885 ON public.view_pretrainedbackbone USING btree (pretrain_dataset_id);


--
-- Name: auth_group_permissions auth_group_permissio_permission_id_84c5c92e_fk_auth_perm; Type: FK CONSTRAINT; Schema: public; Owner: postgres
--

ALTER TABLE ONLY public.auth_group_permissions
    ADD CONSTRAINT auth_group_permissio_permission_id_84c5c92e_fk_auth_perm FOREIGN KEY (permission_id) REFERENCES public.auth_permission(id) DEFERRABLE INITIALLY DEFERRED;


--
-- Name: auth_group_permissions auth_group_permissions_group_id_b120cbf9_fk_auth_group_id; Type: FK CONSTRAINT; Schema: public; Owner: postgres
--

ALTER TABLE ONLY public.auth_group_permissions
    ADD CONSTRAINT auth_group_permissions_group_id_b120cbf9_fk_auth_group_id FOREIGN KEY (group_id) REFERENCES public.auth_group(id) DEFERRABLE INITIALLY DEFERRED;


--
-- Name: auth_permission auth_permission_content_type_id_2f476e4b_fk_django_co; Type: FK CONSTRAINT; Schema: public; Owner: postgres
--

ALTER TABLE ONLY public.auth_permission
    ADD CONSTRAINT auth_permission_content_type_id_2f476e4b_fk_django_co FOREIGN KEY (content_type_id) REFERENCES public.django_content_type(id) DEFERRABLE INITIALLY DEFERRED;


--
-- Name: auth_user_groups auth_user_groups_group_id_97559544_fk_auth_group_id; Type: FK CONSTRAINT; Schema: public; Owner: postgres
--

ALTER TABLE ONLY public.auth_user_groups
    ADD CONSTRAINT auth_user_groups_group_id_97559544_fk_auth_group_id FOREIGN KEY (group_id) REFERENCES public.auth_group(id) DEFERRABLE INITIALLY DEFERRED;


--
-- Name: auth_user_groups auth_user_groups_user_id_6a12ed8b_fk_auth_user_id; Type: FK CONSTRAINT; Schema: public; Owner: postgres
--

ALTER TABLE ONLY public.auth_user_groups
    ADD CONSTRAINT auth_user_groups_user_id_6a12ed8b_fk_auth_user_id FOREIGN KEY (user_id) REFERENCES public.auth_user(id) DEFERRABLE INITIALLY DEFERRED;


--
-- Name: auth_user_user_permissions auth_user_user_permi_permission_id_1fbb5f2c_fk_auth_perm; Type: FK CONSTRAINT; Schema: public; Owner: postgres
--

ALTER TABLE ONLY public.auth_user_user_permissions
    ADD CONSTRAINT auth_user_user_permi_permission_id_1fbb5f2c_fk_auth_perm FOREIGN KEY (permission_id) REFERENCES public.auth_permission(id) DEFERRABLE INITIALLY DEFERRED;


--
-- Name: auth_user_user_permissions auth_user_user_permissions_user_id_a95ead1b_fk_auth_user_id; Type: FK CONSTRAINT; Schema: public; Owner: postgres
--

ALTER TABLE ONLY public.auth_user_user_permissions
    ADD CONSTRAINT auth_user_user_permissions_user_id_a95ead1b_fk_auth_user_id FOREIGN KEY (user_id) REFERENCES public.auth_user(id) DEFERRABLE INITIALLY DEFERRED;


--
-- Name: django_admin_log django_admin_log_content_type_id_c4bce8eb_fk_django_co; Type: FK CONSTRAINT; Schema: public; Owner: postgres
--

ALTER TABLE ONLY public.django_admin_log
    ADD CONSTRAINT django_admin_log_content_type_id_c4bce8eb_fk_django_co FOREIGN KEY (content_type_id) REFERENCES public.django_content_type(id) DEFERRABLE INITIALLY DEFERRED;


--
-- Name: django_admin_log django_admin_log_user_id_c564eba6_fk_auth_user_id; Type: FK CONSTRAINT; Schema: public; Owner: postgres
--

ALTER TABLE ONLY public.django_admin_log
    ADD CONSTRAINT django_admin_log_user_id_c564eba6_fk_auth_user_id FOREIGN KEY (user_id) REFERENCES public.auth_user(id) DEFERRABLE INITIALLY DEFERRED;


--
-- Name: view_backbone view_backbone_family_id_14b51651_fk_view_backbonefamily_id; Type: FK CONSTRAINT; Schema: public; Owner: postgres
--

ALTER TABLE ONLY public.view_backbone
    ADD CONSTRAINT view_backbone_family_id_14b51651_fk_view_backbonefamily_id FOREIGN KEY (family_id) REFERENCES public.view_backbonefamily(id) DEFERRABLE INITIALLY DEFERRED;


--
-- Name: view_backbone_fps_measurements view_backbone_fps_me_backbone_id_600ac048_fk_view_back; Type: FK CONSTRAINT; Schema: public; Owner: postgres
--

ALTER TABLE ONLY public.view_backbone_fps_measurements
    ADD CONSTRAINT view_backbone_fps_me_backbone_id_600ac048_fk_view_back FOREIGN KEY (backbone_id) REFERENCES public.view_backbone(id) DEFERRABLE INITIALLY DEFERRED;


--
-- Name: view_backbone_fps_measurements view_backbone_fps_me_fpsmeasurement_id_b753b8fe_fk_view_fpsm; Type: FK CONSTRAINT; Schema: public; Owner: postgres
--

ALTER TABLE ONLY public.view_backbone_fps_measurements
    ADD CONSTRAINT view_backbone_fps_me_fpsmeasurement_id_b753b8fe_fk_view_fpsm FOREIGN KEY (fpsmeasurement_id) REFERENCES public.view_fpsmeasurement(id) DEFERRABLE INITIALLY DEFERRED;


--
-- Name: view_classificationresult view_classificationr_dataset_id_468fcb0d_fk_view_data; Type: FK CONSTRAINT; Schema: public; Owner: postgres
--

ALTER TABLE ONLY public.view_classificationresult
    ADD CONSTRAINT view_classificationr_dataset_id_468fcb0d_fk_view_data FOREIGN KEY (dataset_id) REFERENCES public.view_dataset(id) DEFERRABLE INITIALLY DEFERRED;


--
-- Name: view_classificationresult view_classificationr_fine_tune_dataset_id_e978ec5e_fk_view_data; Type: FK CONSTRAINT; Schema: public; Owner: postgres
--

ALTER TABLE ONLY public.view_classificationresult
    ADD CONSTRAINT view_classificationr_fine_tune_dataset_id_e978ec5e_fk_view_data FOREIGN KEY (fine_tune_dataset_id) REFERENCES public.view_dataset(id) DEFERRABLE INITIALLY DEFERRED;


--
-- Name: view_classificationresult view_classificationr_intermediate_fine_tu_df2eab7e_fk_view_data; Type: FK CONSTRAINT; Schema: public; Owner: postgres
--

ALTER TABLE ONLY public.view_classificationresult
    ADD CONSTRAINT view_classificationr_intermediate_fine_tu_df2eab7e_fk_view_data FOREIGN KEY (intermediate_fine_tune_dataset_id) REFERENCES public.view_dataset(id) DEFERRABLE INITIALLY DEFERRED;


--
-- Name: view_classificationresult view_classificationr_pretrained_backbone__3c5b42ca_fk_view_pret; Type: FK CONSTRAINT; Schema: public; Owner: postgres
--

ALTER TABLE ONLY public.view_classificationresult
    ADD CONSTRAINT view_classificationr_pretrained_backbone__3c5b42ca_fk_view_pret FOREIGN KEY (pretrained_backbone_id) REFERENCES public.view_pretrainedbackbone(id) DEFERRABLE INITIALLY DEFERRED;


--
-- Name: view_dataset_tasks view_dataset_tasks_dataset_id_e86cc5f4_fk_view_dataset_id; Type: FK CONSTRAINT; Schema: public; Owner: postgres
--

ALTER TABLE ONLY public.view_dataset_tasks
    ADD CONSTRAINT view_dataset_tasks_dataset_id_e86cc5f4_fk_view_dataset_id FOREIGN KEY (dataset_id) REFERENCES public.view_dataset(id) DEFERRABLE INITIALLY DEFERRED;


--
-- Name: view_dataset_tasks view_dataset_tasks_task_id_b4d343b8_fk_view_task_id; Type: FK CONSTRAINT; Schema: public; Owner: postgres
--

ALTER TABLE ONLY public.view_dataset_tasks
    ADD CONSTRAINT view_dataset_tasks_task_id_b4d343b8_fk_view_task_id FOREIGN KEY (task_id) REFERENCES public.view_task(id) DEFERRABLE INITIALLY DEFERRED;


--
-- Name: view_downstreamhead_tasks view_downstreamhead__downstreamhead_id_7d882565_fk_view_down; Type: FK CONSTRAINT; Schema: public; Owner: postgres
--

ALTER TABLE ONLY public.view_downstreamhead_tasks
    ADD CONSTRAINT view_downstreamhead__downstreamhead_id_7d882565_fk_view_down FOREIGN KEY (downstreamhead_id) REFERENCES public.view_downstreamhead(id) DEFERRABLE INITIALLY DEFERRED;


--
-- Name: view_downstreamhead_tasks view_downstreamhead_tasks_task_id_bee4481e_fk_view_task_id; Type: FK CONSTRAINT; Schema: public; Owner: postgres
--

ALTER TABLE ONLY public.view_downstreamhead_tasks
    ADD CONSTRAINT view_downstreamhead_tasks_task_id_bee4481e_fk_view_task_id FOREIGN KEY (task_id) REFERENCES public.view_task(id) DEFERRABLE INITIALLY DEFERRED;


--
-- Name: view_instanceresult_fps_measurements view_instanceresult__fpsmeasurement_id_02e772df_fk_view_fpsm; Type: FK CONSTRAINT; Schema: public; Owner: postgres
--

ALTER TABLE ONLY public.view_instanceresult_fps_measurements
    ADD CONSTRAINT view_instanceresult__fpsmeasurement_id_02e772df_fk_view_fpsm FOREIGN KEY (fpsmeasurement_id) REFERENCES public.view_fpsmeasurement(id) DEFERRABLE INITIALLY DEFERRED;


--
-- Name: view_instanceresult_fps_measurements view_instanceresult__instanceresult_id_45de1c21_fk_view_inst; Type: FK CONSTRAINT; Schema: public; Owner: postgres
--

ALTER TABLE ONLY public.view_instanceresult_fps_measurements
    ADD CONSTRAINT view_instanceresult__instanceresult_id_45de1c21_fk_view_inst FOREIGN KEY (instanceresult_id) REFERENCES public.view_instanceresult(id) DEFERRABLE INITIALLY DEFERRED;


--
-- Name: view_instanceresult view_instanceresult_dataset_id_5b73b6d5_fk_view_dataset_id; Type: FK CONSTRAINT; Schema: public; Owner: postgres
--

ALTER TABLE ONLY public.view_instanceresult
    ADD CONSTRAINT view_instanceresult_dataset_id_5b73b6d5_fk_view_dataset_id FOREIGN KEY (dataset_id) REFERENCES public.view_dataset(id) DEFERRABLE INITIALLY DEFERRED;


--
-- Name: view_instanceresult view_instanceresult_head_id_4508946f_fk_view_downstreamhead_id; Type: FK CONSTRAINT; Schema: public; Owner: postgres
--

ALTER TABLE ONLY public.view_instanceresult
    ADD CONSTRAINT view_instanceresult_head_id_4508946f_fk_view_downstreamhead_id FOREIGN KEY (head_id) REFERENCES public.view_downstreamhead(id) DEFERRABLE INITIALLY DEFERRED;


--
-- Name: view_instanceresult view_instanceresult_instance_type_id_711d6ccd_fk_view_task_id; Type: FK CONSTRAINT; Schema: public; Owner: postgres
--

ALTER TABLE ONLY public.view_instanceresult
    ADD CONSTRAINT view_instanceresult_instance_type_id_711d6ccd_fk_view_task_id FOREIGN KEY (instance_type_id) REFERENCES public.view_task(id) DEFERRABLE INITIALLY DEFERRED;


--
-- Name: view_instanceresult view_instanceresult_intermediate_train_d_7bcb686b_fk_view_data; Type: FK CONSTRAINT; Schema: public; Owner: postgres
--

ALTER TABLE ONLY public.view_instanceresult
    ADD CONSTRAINT view_instanceresult_intermediate_train_d_7bcb686b_fk_view_data FOREIGN KEY (intermediate_train_dataset_id) REFERENCES public.view_dataset(id) DEFERRABLE INITIALLY DEFERRED;


--
-- Name: view_instanceresult view_instanceresult_pretrained_backbone__b7ac32db_fk_view_pret; Type: FK CONSTRAINT; Schema: public; Owner: postgres
--

ALTER TABLE ONLY public.view_instanceresult
    ADD CONSTRAINT view_instanceresult_pretrained_backbone__b7ac32db_fk_view_pret FOREIGN KEY (pretrained_backbone_id) REFERENCES public.view_pretrainedbackbone(id) DEFERRABLE INITIALLY DEFERRED;


--
-- Name: view_instanceresult view_instanceresult_train_dataset_id_9b802207_fk_view_data; Type: FK CONSTRAINT; Schema: public; Owner: postgres
--

ALTER TABLE ONLY public.view_instanceresult
    ADD CONSTRAINT view_instanceresult_train_dataset_id_9b802207_fk_view_data FOREIGN KEY (train_dataset_id) REFERENCES public.view_dataset(id) DEFERRABLE INITIALLY DEFERRED;


--
-- Name: view_pretrainedbackbone view_pretrainedbackb_backbone_id_ae827d72_fk_view_back; Type: FK CONSTRAINT; Schema: public; Owner: postgres
--

ALTER TABLE ONLY public.view_pretrainedbackbone
    ADD CONSTRAINT view_pretrainedbackb_backbone_id_ae827d72_fk_view_back FOREIGN KEY (backbone_id) REFERENCES public.view_backbone(id) DEFERRABLE INITIALLY DEFERRED;


--
-- Name: view_pretrainedbackbone view_pretrainedbackb_family_id_4ba8f358_fk_view_back; Type: FK CONSTRAINT; Schema: public; Owner: postgres
--

ALTER TABLE ONLY public.view_pretrainedbackbone
    ADD CONSTRAINT view_pretrainedbackb_family_id_4ba8f358_fk_view_back FOREIGN KEY (family_id) REFERENCES public.view_backbonefamily(id) DEFERRABLE INITIALLY DEFERRED;


--
-- Name: view_pretrainedbackbone view_pretrainedbackb_pretrain_dataset_id_e5407885_fk_view_data; Type: FK CONSTRAINT; Schema: public; Owner: postgres
--

ALTER TABLE ONLY public.view_pretrainedbackbone
    ADD CONSTRAINT view_pretrainedbackb_pretrain_dataset_id_e5407885_fk_view_data FOREIGN KEY (pretrain_dataset_id) REFERENCES public.view_dataset(id) DEFERRABLE INITIALLY DEFERRED;


--
-- PostgreSQL database dump complete
--

