--
-- PostgreSQL database dump
--

-- Dumped from database version 14.11 (Homebrew)
-- Dumped by pg_dump version 14.11 (Homebrew)

SET statement_timeout = 0;
SET lock_timeout = 0;
SET idle_in_transaction_session_timeout = 0;
SET client_encoding = 'UTF8';
SET standard_conforming_strings = on;
SELECT pg_catalog.set_config('search_path', '', false);
SET check_function_bodies = false;
SET xmloption = content;
SET client_min_messages = warning;
SET row_security = off;

SET default_tablespace = '';

SET default_table_access_method = heap;

--
-- Name: auth_group; Type: TABLE; Schema: public; Owner: postgres
--

CREATE TABLE public.auth_group (
    id integer NOT NULL,
    name character varying(150) NOT NULL
);


ALTER TABLE public.auth_group OWNER TO postgres;

--
-- Name: auth_group_id_seq; Type: SEQUENCE; Schema: public; Owner: postgres
--

ALTER TABLE public.auth_group ALTER COLUMN id ADD GENERATED BY DEFAULT AS IDENTITY (
    SEQUENCE NAME public.auth_group_id_seq
    START WITH 1
    INCREMENT BY 1
    NO MINVALUE
    NO MAXVALUE
    CACHE 1
);


--
-- Name: auth_group_permissions; Type: TABLE; Schema: public; Owner: postgres
--

CREATE TABLE public.auth_group_permissions (
    id bigint NOT NULL,
    group_id integer NOT NULL,
    permission_id integer NOT NULL
);


ALTER TABLE public.auth_group_permissions OWNER TO postgres;

--
-- Name: auth_group_permissions_id_seq; Type: SEQUENCE; Schema: public; Owner: postgres
--

ALTER TABLE public.auth_group_permissions ALTER COLUMN id ADD GENERATED BY DEFAULT AS IDENTITY (
    SEQUENCE NAME public.auth_group_permissions_id_seq
    START WITH 1
    INCREMENT BY 1
    NO MINVALUE
    NO MAXVALUE
    CACHE 1
);


--
-- Name: auth_permission; Type: TABLE; Schema: public; Owner: postgres
--

CREATE TABLE public.auth_permission (
    id integer NOT NULL,
    name character varying(255) NOT NULL,
    content_type_id integer NOT NULL,
    codename character varying(100) NOT NULL
);


ALTER TABLE public.auth_permission OWNER TO postgres;

--
-- Name: auth_permission_id_seq; Type: SEQUENCE; Schema: public; Owner: postgres
--

ALTER TABLE public.auth_permission ALTER COLUMN id ADD GENERATED BY DEFAULT AS IDENTITY (
    SEQUENCE NAME public.auth_permission_id_seq
    START WITH 1
    INCREMENT BY 1
    NO MINVALUE
    NO MAXVALUE
    CACHE 1
);


--
-- Name: auth_user; Type: TABLE; Schema: public; Owner: postgres
--

CREATE TABLE public.auth_user (
    id integer NOT NULL,
    password character varying(128) NOT NULL,
    last_login timestamp with time zone,
    is_superuser boolean NOT NULL,
    username character varying(150) NOT NULL,
    first_name character varying(150) NOT NULL,
    last_name character varying(150) NOT NULL,
    email character varying(254) NOT NULL,
    is_staff boolean NOT NULL,
    is_active boolean NOT NULL,
    date_joined timestamp with time zone NOT NULL
);


ALTER TABLE public.auth_user OWNER TO postgres;

--
-- Name: auth_user_groups; Type: TABLE; Schema: public; Owner: postgres
--

CREATE TABLE public.auth_user_groups (
    id bigint NOT NULL,
    user_id integer NOT NULL,
    group_id integer NOT NULL
);


ALTER TABLE public.auth_user_groups OWNER TO postgres;

--
-- Name: auth_user_groups_id_seq; Type: SEQUENCE; Schema: public; Owner: postgres
--

ALTER TABLE public.auth_user_groups ALTER COLUMN id ADD GENERATED BY DEFAULT AS IDENTITY (
    SEQUENCE NAME public.auth_user_groups_id_seq
    START WITH 1
    INCREMENT BY 1
    NO MINVALUE
    NO MAXVALUE
    CACHE 1
);


--
-- Name: auth_user_id_seq; Type: SEQUENCE; Schema: public; Owner: postgres
--

ALTER TABLE public.auth_user ALTER COLUMN id ADD GENERATED BY DEFAULT AS IDENTITY (
    SEQUENCE NAME public.auth_user_id_seq
    START WITH 1
    INCREMENT BY 1
    NO MINVALUE
    NO MAXVALUE
    CACHE 1
);


--
-- Name: auth_user_user_permissions; Type: TABLE; Schema: public; Owner: postgres
--

CREATE TABLE public.auth_user_user_permissions (
    id bigint NOT NULL,
    user_id integer NOT NULL,
    permission_id integer NOT NULL
);


ALTER TABLE public.auth_user_user_permissions OWNER TO postgres;

--
-- Name: auth_user_user_permissions_id_seq; Type: SEQUENCE; Schema: public; Owner: postgres
--

ALTER TABLE public.auth_user_user_permissions ALTER COLUMN id ADD GENERATED BY DEFAULT AS IDENTITY (
    SEQUENCE NAME public.auth_user_user_permissions_id_seq
    START WITH 1
    INCREMENT BY 1
    NO MINVALUE
    NO MAXVALUE
    CACHE 1
);


--
-- Name: django_admin_log; Type: TABLE; Schema: public; Owner: postgres
--

CREATE TABLE public.django_admin_log (
    id integer NOT NULL,
    action_time timestamp with time zone NOT NULL,
    object_id text,
    object_repr character varying(200) NOT NULL,
    action_flag smallint NOT NULL,
    change_message text NOT NULL,
    content_type_id integer,
    user_id integer NOT NULL,
    CONSTRAINT django_admin_log_action_flag_check CHECK ((action_flag >= 0))
);


ALTER TABLE public.django_admin_log OWNER TO postgres;

--
-- Name: django_admin_log_id_seq; Type: SEQUENCE; Schema: public; Owner: postgres
--

ALTER TABLE public.django_admin_log ALTER COLUMN id ADD GENERATED BY DEFAULT AS IDENTITY (
    SEQUENCE NAME public.django_admin_log_id_seq
    START WITH 1
    INCREMENT BY 1
    NO MINVALUE
    NO MAXVALUE
    CACHE 1
);


--
-- Name: django_content_type; Type: TABLE; Schema: public; Owner: postgres
--

CREATE TABLE public.django_content_type (
    id integer NOT NULL,
    app_label character varying(100) NOT NULL,
    model character varying(100) NOT NULL
);


ALTER TABLE public.django_content_type OWNER TO postgres;

--
-- Name: django_content_type_id_seq; Type: SEQUENCE; Schema: public; Owner: postgres
--

ALTER TABLE public.django_content_type ALTER COLUMN id ADD GENERATED BY DEFAULT AS IDENTITY (
    SEQUENCE NAME public.django_content_type_id_seq
    START WITH 1
    INCREMENT BY 1
    NO MINVALUE
    NO MAXVALUE
    CACHE 1
);


--
-- Name: django_migrations; Type: TABLE; Schema: public; Owner: postgres
--

CREATE TABLE public.django_migrations (
    id bigint NOT NULL,
    app character varying(255) NOT NULL,
    name character varying(255) NOT NULL,
    applied timestamp with time zone NOT NULL
);


ALTER TABLE public.django_migrations OWNER TO postgres;

--
-- Name: django_migrations_id_seq; Type: SEQUENCE; Schema: public; Owner: postgres
--

ALTER TABLE public.django_migrations ALTER COLUMN id ADD GENERATED BY DEFAULT AS IDENTITY (
    SEQUENCE NAME public.django_migrations_id_seq
    START WITH 1
    INCREMENT BY 1
    NO MINVALUE
    NO MAXVALUE
    CACHE 1
);


--
-- Name: django_session; Type: TABLE; Schema: public; Owner: postgres
--

CREATE TABLE public.django_session (
    session_key character varying(40) NOT NULL,
    session_data text NOT NULL,
    expire_date timestamp with time zone NOT NULL
);


ALTER TABLE public.django_session OWNER TO postgres;

--
-- Name: view_backbone; Type: TABLE; Schema: public; Owner: postgres
--

CREATE TABLE public.view_backbone (
    id bigint NOT NULL,
    name character varying(100) NOT NULL,
    m_parameters double precision NOT NULL,
    family_id bigint NOT NULL
);


ALTER TABLE public.view_backbone OWNER TO postgres;

--
-- Name: view_backbone_fps_measurements; Type: TABLE; Schema: public; Owner: postgres
--

CREATE TABLE public.view_backbone_fps_measurements (
    id bigint NOT NULL,
    backbone_id bigint NOT NULL,
    fpsmeasurement_id bigint NOT NULL
);


ALTER TABLE public.view_backbone_fps_measurements OWNER TO postgres;

--
-- Name: view_backbone_fps_measurements_id_seq; Type: SEQUENCE; Schema: public; Owner: postgres
--

ALTER TABLE public.view_backbone_fps_measurements ALTER COLUMN id ADD GENERATED BY DEFAULT AS IDENTITY (
    SEQUENCE NAME public.view_backbone_fps_measurements_id_seq
    START WITH 1
    INCREMENT BY 1
    NO MINVALUE
    NO MAXVALUE
    CACHE 1
);


--
-- Name: view_backbone_id_seq; Type: SEQUENCE; Schema: public; Owner: postgres
--

ALTER TABLE public.view_backbone ALTER COLUMN id ADD GENERATED BY DEFAULT AS IDENTITY (
    SEQUENCE NAME public.view_backbone_id_seq
    START WITH 1
    INCREMENT BY 1
    NO MINVALUE
    NO MAXVALUE
    CACHE 1
);


--
-- Name: view_backbonefamily; Type: TABLE; Schema: public; Owner: postgres
--

CREATE TABLE public.view_backbonefamily (
    id bigint NOT NULL,
    name character varying(100) NOT NULL,
    model_type character varying(100) NOT NULL,
    pub_date date NOT NULL,
    paper character varying(200) NOT NULL,
    github character varying(200) NOT NULL,
    pretrain_method character varying(100) NOT NULL,
    hierarchical boolean NOT NULL
);


ALTER TABLE public.view_backbonefamily OWNER TO postgres;

--
-- Name: view_backbonefamily_id_seq; Type: SEQUENCE; Schema: public; Owner: postgres
--

ALTER TABLE public.view_backbonefamily ALTER COLUMN id ADD GENERATED BY DEFAULT AS IDENTITY (
    SEQUENCE NAME public.view_backbonefamily_id_seq
    START WITH 1
    INCREMENT BY 1
    NO MINVALUE
    NO MAXVALUE
    CACHE 1
);


--
-- Name: view_classificationresult; Type: TABLE; Schema: public; Owner: postgres
--

CREATE TABLE public.view_classificationresult (
    id bigint NOT NULL,
    fine_tune_epochs integer,
    fine_tune_resolution integer,
    top_1 double precision,
    top_5 double precision,
    gflops double precision,
    paper character varying(200) NOT NULL,
    github character varying(200) NOT NULL,
    dataset_id bigint NOT NULL,
    fine_tune_dataset_id bigint,
    pretrained_backbone_name character varying(100) NOT NULL,
    resolution integer NOT NULL
);


ALTER TABLE public.view_classificationresult OWNER TO postgres;

--
-- Name: view_classificationresult_id_seq; Type: SEQUENCE; Schema: public; Owner: postgres
--

ALTER TABLE public.view_classificationresult ALTER COLUMN id ADD GENERATED BY DEFAULT AS IDENTITY (
    SEQUENCE NAME public.view_classificationresult_id_seq
    START WITH 1
    INCREMENT BY 1
    NO MINVALUE
    NO MAXVALUE
    CACHE 1
);


--
-- Name: view_dataset; Type: TABLE; Schema: public; Owner: postgres
--

CREATE TABLE public.view_dataset (
    id bigint NOT NULL,
    name character varying(100) NOT NULL,
    website character varying(200) NOT NULL,
    eval boolean NOT NULL
);


ALTER TABLE public.view_dataset OWNER TO postgres;

--
-- Name: view_dataset_id_seq; Type: SEQUENCE; Schema: public; Owner: postgres
--

ALTER TABLE public.view_dataset ALTER COLUMN id ADD GENERATED BY DEFAULT AS IDENTITY (
    SEQUENCE NAME public.view_dataset_id_seq
    START WITH 1
    INCREMENT BY 1
    NO MINVALUE
    NO MAXVALUE
    CACHE 1
);


--
-- Name: view_dataset_tasks; Type: TABLE; Schema: public; Owner: postgres
--

CREATE TABLE public.view_dataset_tasks (
    id bigint NOT NULL,
    dataset_id bigint NOT NULL,
    task_id bigint NOT NULL
);


ALTER TABLE public.view_dataset_tasks OWNER TO postgres;

--
-- Name: view_dataset_tasks_id_seq; Type: SEQUENCE; Schema: public; Owner: postgres
--

ALTER TABLE public.view_dataset_tasks ALTER COLUMN id ADD GENERATED BY DEFAULT AS IDENTITY (
    SEQUENCE NAME public.view_dataset_tasks_id_seq
    START WITH 1
    INCREMENT BY 1
    NO MINVALUE
    NO MAXVALUE
    CACHE 1
);


--
-- Name: view_downstreamhead; Type: TABLE; Schema: public; Owner: postgres
--

CREATE TABLE public.view_downstreamhead (
    id bigint NOT NULL,
    name character varying(100) NOT NULL,
    paper character varying(200) NOT NULL,
    github character varying(200) NOT NULL
);


ALTER TABLE public.view_downstreamhead OWNER TO postgres;

--
-- Name: view_downstreamhead_id_seq; Type: SEQUENCE; Schema: public; Owner: postgres
--

ALTER TABLE public.view_downstreamhead ALTER COLUMN id ADD GENERATED BY DEFAULT AS IDENTITY (
    SEQUENCE NAME public.view_downstreamhead_id_seq
    START WITH 1
    INCREMENT BY 1
    NO MINVALUE
    NO MAXVALUE
    CACHE 1
);


--
-- Name: view_downstreamhead_tasks; Type: TABLE; Schema: public; Owner: postgres
--

CREATE TABLE public.view_downstreamhead_tasks (
    id bigint NOT NULL,
    downstreamhead_id bigint NOT NULL,
    task_id bigint NOT NULL
);


ALTER TABLE public.view_downstreamhead_tasks OWNER TO postgres;

--
-- Name: view_downstreamhead_tasks_id_seq; Type: SEQUENCE; Schema: public; Owner: postgres
--

ALTER TABLE public.view_downstreamhead_tasks ALTER COLUMN id ADD GENERATED BY DEFAULT AS IDENTITY (
    SEQUENCE NAME public.view_downstreamhead_tasks_id_seq
    START WITH 1
    INCREMENT BY 1
    NO MINVALUE
    NO MAXVALUE
    CACHE 1
);


--
-- Name: view_fpsmeasurement; Type: TABLE; Schema: public; Owner: postgres
--

CREATE TABLE public.view_fpsmeasurement (
    id bigint NOT NULL,
    backbone_name character varying(100) NOT NULL,
    resolution integer NOT NULL,
    fps double precision NOT NULL,
    gpu character varying(100) NOT NULL,
    "precision" character varying(20),
    batch_size integer,
    source character varying(200) NOT NULL
);


ALTER TABLE public.view_fpsmeasurement OWNER TO postgres;

--
-- Name: view_fpsmeasurement_id_seq; Type: SEQUENCE; Schema: public; Owner: postgres
--

ALTER TABLE public.view_fpsmeasurement ALTER COLUMN id ADD GENERATED BY DEFAULT AS IDENTITY (
    SEQUENCE NAME public.view_fpsmeasurement_id_seq
    START WITH 1
    INCREMENT BY 1
    NO MINVALUE
    NO MAXVALUE
    CACHE 1
);


--
-- Name: view_instanceresult; Type: TABLE; Schema: public; Owner: postgres
--

CREATE TABLE public.view_instanceresult (
    id bigint NOT NULL,
    train_epochs integer,
    "mAP" double precision NOT NULL,
    "AP50" double precision,
    "AP75" double precision,
    "mAPs" double precision,
    "mAPm" double precision,
    "mAPl" double precision,
    gflops double precision,
    paper character varying(200) NOT NULL,
    github character varying(200) NOT NULL,
    dataset_id bigint NOT NULL,
    head_id bigint NOT NULL,
    train_dataset_id bigint NOT NULL,
    pretrained_backbone_name character varying(100) NOT NULL,
    instance_type_id bigint NOT NULL
);


ALTER TABLE public.view_instanceresult OWNER TO postgres;

--
-- Name: view_instanceresult_fps_measurements; Type: TABLE; Schema: public; Owner: postgres
--

CREATE TABLE public.view_instanceresult_fps_measurements (
    id bigint NOT NULL,
    instanceresult_id bigint NOT NULL,
    fpsmeasurement_id bigint NOT NULL
);


ALTER TABLE public.view_instanceresult_fps_measurements OWNER TO postgres;

--
-- Name: view_instanceresult_fps_measurements_id_seq; Type: SEQUENCE; Schema: public; Owner: postgres
--

ALTER TABLE public.view_instanceresult_fps_measurements ALTER COLUMN id ADD GENERATED BY DEFAULT AS IDENTITY (
    SEQUENCE NAME public.view_instanceresult_fps_measurements_id_seq
    START WITH 1
    INCREMENT BY 1
    NO MINVALUE
    NO MAXVALUE
    CACHE 1
);


--
-- Name: view_instanceresult_id_seq; Type: SEQUENCE; Schema: public; Owner: postgres
--

ALTER TABLE public.view_instanceresult ALTER COLUMN id ADD GENERATED BY DEFAULT AS IDENTITY (
    SEQUENCE NAME public.view_instanceresult_id_seq
    START WITH 1
    INCREMENT BY 1
    NO MINVALUE
    NO MAXVALUE
    CACHE 1
);


--
-- Name: view_pretrainedbackbone; Type: TABLE; Schema: public; Owner: postgres
--

CREATE TABLE public.view_pretrainedbackbone (
    id bigint NOT NULL,
    name character varying(100) NOT NULL,
    pretrain_method character varying(100) NOT NULL,
    pretrain_resolution integer,
    pretrain_epochs integer,
    paper character varying(200) NOT NULL,
    github character varying(200) NOT NULL,
    backbone_id bigint NOT NULL,
    pretrain_dataset_id bigint NOT NULL,
    family_id bigint NOT NULL
);


ALTER TABLE public.view_pretrainedbackbone OWNER TO postgres;

--
-- Name: view_pretrainedbackbone_classification_results; Type: TABLE; Schema: public; Owner: postgres
--

CREATE TABLE public.view_pretrainedbackbone_classification_results (
    id bigint NOT NULL,
    pretrainedbackbone_id bigint NOT NULL,
    classificationresult_id bigint NOT NULL
);


ALTER TABLE public.view_pretrainedbackbone_classification_results OWNER TO postgres;

--
-- Name: view_pretrainedbackbone_classification_results_id_seq; Type: SEQUENCE; Schema: public; Owner: postgres
--

ALTER TABLE public.view_pretrainedbackbone_classification_results ALTER COLUMN id ADD GENERATED BY DEFAULT AS IDENTITY (
    SEQUENCE NAME public.view_pretrainedbackbone_classification_results_id_seq
    START WITH 1
    INCREMENT BY 1
    NO MINVALUE
    NO MAXVALUE
    CACHE 1
);


--
-- Name: view_pretrainedbackbone_id_seq; Type: SEQUENCE; Schema: public; Owner: postgres
--

ALTER TABLE public.view_pretrainedbackbone ALTER COLUMN id ADD GENERATED BY DEFAULT AS IDENTITY (
    SEQUENCE NAME public.view_pretrainedbackbone_id_seq
    START WITH 1
    INCREMENT BY 1
    NO MINVALUE
    NO MAXVALUE
    CACHE 1
);


--
-- Name: view_pretrainedbackbone_instance_results; Type: TABLE; Schema: public; Owner: postgres
--

CREATE TABLE public.view_pretrainedbackbone_instance_results (
    id bigint NOT NULL,
    pretrainedbackbone_id bigint NOT NULL,
    instanceresult_id bigint NOT NULL
);


ALTER TABLE public.view_pretrainedbackbone_instance_results OWNER TO postgres;

--
-- Name: view_pretrainedbackbone_instance_results_id_seq; Type: SEQUENCE; Schema: public; Owner: postgres
--

ALTER TABLE public.view_pretrainedbackbone_instance_results ALTER COLUMN id ADD GENERATED BY DEFAULT AS IDENTITY (
    SEQUENCE NAME public.view_pretrainedbackbone_instance_results_id_seq
    START WITH 1
    INCREMENT BY 1
    NO MINVALUE
    NO MAXVALUE
    CACHE 1
);


--
-- Name: view_task; Type: TABLE; Schema: public; Owner: postgres
--

CREATE TABLE public.view_task (
    id bigint NOT NULL,
    name character varying(100) NOT NULL
);


ALTER TABLE public.view_task OWNER TO postgres;

--
-- Name: view_task_id_seq; Type: SEQUENCE; Schema: public; Owner: postgres
--

ALTER TABLE public.view_task ALTER COLUMN id ADD GENERATED BY DEFAULT AS IDENTITY (
    SEQUENCE NAME public.view_task_id_seq
    START WITH 1
    INCREMENT BY 1
    NO MINVALUE
    NO MAXVALUE
    CACHE 1
);


--
-- Data for Name: auth_group; Type: TABLE DATA; Schema: public; Owner: postgres
--

COPY public.auth_group (id, name) FROM stdin;
\.


--
-- Data for Name: auth_group_permissions; Type: TABLE DATA; Schema: public; Owner: postgres
--

COPY public.auth_group_permissions (id, group_id, permission_id) FROM stdin;
\.


--
-- Data for Name: auth_permission; Type: TABLE DATA; Schema: public; Owner: postgres
--

COPY public.auth_permission (id, name, content_type_id, codename) FROM stdin;
1	Can add log entry	1	add_logentry
2	Can change log entry	1	change_logentry
3	Can delete log entry	1	delete_logentry
4	Can view log entry	1	view_logentry
5	Can add permission	2	add_permission
6	Can change permission	2	change_permission
7	Can delete permission	2	delete_permission
8	Can view permission	2	view_permission
9	Can add group	3	add_group
10	Can change group	3	change_group
11	Can delete group	3	delete_group
12	Can view group	3	view_group
13	Can add user	4	add_user
14	Can change user	4	change_user
15	Can delete user	4	delete_user
16	Can view user	4	view_user
17	Can add content type	5	add_contenttype
18	Can change content type	5	change_contenttype
19	Can delete content type	5	delete_contenttype
20	Can view content type	5	view_contenttype
21	Can add session	6	add_session
22	Can change session	6	change_session
23	Can delete session	6	delete_session
24	Can view session	6	view_session
25	Can add instance result	7	add_instanceresult
26	Can change instance result	7	change_instanceresult
27	Can delete instance result	7	delete_instanceresult
28	Can view instance result	7	view_instanceresult
29	Can add classification result	8	add_classificationresult
30	Can change classification result	8	change_classificationresult
31	Can delete classification result	8	delete_classificationresult
32	Can view classification result	8	view_classificationresult
33	Can add pretrained backbone	9	add_pretrainedbackbone
34	Can change pretrained backbone	9	change_pretrainedbackbone
35	Can delete pretrained backbone	9	delete_pretrainedbackbone
36	Can view pretrained backbone	9	view_pretrainedbackbone
37	Can add backbone	10	add_backbone
38	Can change backbone	10	change_backbone
39	Can delete backbone	10	delete_backbone
40	Can view backbone	10	view_backbone
41	Can add task	11	add_task
42	Can change task	11	change_task
43	Can delete task	11	delete_task
44	Can view task	11	view_task
45	Can add downstream head	12	add_downstreamhead
46	Can change downstream head	12	change_downstreamhead
47	Can delete downstream head	12	delete_downstreamhead
48	Can view downstream head	12	view_downstreamhead
49	Can add dataset	13	add_dataset
50	Can change dataset	13	change_dataset
51	Can delete dataset	13	delete_dataset
52	Can view dataset	13	view_dataset
53	Can add backbone family	14	add_backbonefamily
54	Can change backbone family	14	change_backbonefamily
55	Can delete backbone family	14	delete_backbonefamily
56	Can view backbone family	14	view_backbonefamily
57	Can add fps measurement	15	add_fpsmeasurement
58	Can change fps measurement	15	change_fpsmeasurement
59	Can delete fps measurement	15	delete_fpsmeasurement
60	Can view fps measurement	15	view_fpsmeasurement
\.


--
-- Data for Name: auth_user; Type: TABLE DATA; Schema: public; Owner: postgres
--

-- REDACTED

--
-- Data for Name: auth_user_groups; Type: TABLE DATA; Schema: public; Owner: postgres
--

COPY public.auth_user_groups (id, user_id, group_id) FROM stdin;
\.


--
-- Data for Name: auth_user_user_permissions; Type: TABLE DATA; Schema: public; Owner: postgres
--

COPY public.auth_user_user_permissions (id, user_id, permission_id) FROM stdin;
\.


--
-- Data for Name: django_admin_log; Type: TABLE DATA; Schema: public; Owner: postgres
--

COPY public.django_admin_log (id, action_time, object_id, object_repr, action_flag, change_message, content_type_id, user_id) FROM stdin;
1	2024-08-18 18:47:55.128642-05	1	TransNeXt	1	[{"added": {}}]	14	1
2	2024-08-18 18:50:49.26547-05	1	TransNeXt-Micro	1	[{"added": {}}]	10	1
3	2024-08-18 18:50:58.207472-05	1	TransNeXt-Micro	2	[{"changed": {"fields": ["Parameters (M)"]}}]	10	1
4	2024-08-18 18:51:08.279826-05	1	TransNeXt-Micro	2	[{"changed": {"fields": ["Parameters (M)"]}}]	10	1
5	2024-08-18 18:53:20.507623-05	1	TransNeXt-Micro	2	[]	10	1
6	2024-08-18 18:53:35.134392-05	2	TransNeXt-Tiny	1	[{"added": {}}]	10	1
7	2024-08-18 18:53:49.262139-05	3	TransNeXt-Small	1	[{"added": {}}]	10	1
8	2024-08-18 18:54:01.346934-05	4	TransNeXt-Base	1	[{"added": {}}]	10	1
9	2024-08-18 18:54:54.198947-05	1	Object Detection	1	[{"added": {}}]	11	1
10	2024-08-18 18:54:58.505587-05	2	Object Detection	1	[{"added": {}}]	11	1
11	2024-08-18 18:55:02.566437-05	3	Instance Segmentation	1	[{"added": {}}]	11	1
12	2024-08-18 18:55:52.11165-05	1	Mask R-CNN	1	[{"added": {}}]	12	1
13	2024-08-18 18:56:38.375897-05	1	Object Detection	3		11	1
14	2024-08-18 18:59:23.07771-05	4	TransNeXt-Base	2	[{"changed": {"fields": ["Parameters (M)"]}}]	10	1
15	2024-08-18 18:59:25.284775-05	4	TransNeXt-Base	2	[]	10	1
16	2024-08-18 18:59:31.7554-05	3	TransNeXt-Small	2	[{"changed": {"fields": ["Parameters (M)"]}}]	10	1
17	2024-08-18 18:59:38.005471-05	2	TransNeXt-Tiny	2	[{"changed": {"fields": ["Parameters (M)"]}}]	10	1
18	2024-08-18 18:59:45.939323-05	1	TransNeXt-Micro	2	[{"changed": {"fields": ["Parameters (M)"]}}]	10	1
19	2024-08-18 19:00:07.211844-05	4	Classification	1	[{"added": {}}]	11	1
20	2024-08-18 19:00:10.710121-05	5	Semantic Segmentation	1	[{"added": {}}]	11	1
21	2024-08-18 19:01:04.352994-05	1	ImageNet-1k	1	[{"added": {}}]	13	1
22	2024-08-18 19:01:14.618652-05	2	ImageNet-22k	1	[{"added": {}}]	13	1
23	2024-08-18 19:03:54.475266-05	3	COCO (train)	1	[{"added": {}}]	13	1
24	2024-08-18 19:04:01.778715-05	4	COCO (val)	1	[{"added": {}}]	13	1
25	2024-08-18 19:04:09.800325-05	5	COCO (test)	1	[{"added": {}}]	13	1
26	2024-08-18 19:10:17.522165-05	1	ClassificationResult object (1)	1	[{"added": {}}]	8	1
27	2024-08-18 19:12:46.104249-05	1	TransNeXt-Micro-IN1K	1	[{"added": {}}]	9	1
28	2024-08-18 19:19:00.045087-05	1	TransNeXt-Micro-IN1K/ImageNet-1k/	2	[{"changed": {"fields": ["Pretrained backbone name"]}}]	8	1
29	2024-08-18 19:23:08.954418-05	2	TransNeXt-Tiny-IN1K/ImageNet-1k/	1	[{"added": {}}]	8	1
30	2024-08-18 19:29:06.122088-05	3		1	[{"added": {}}]	7	1
31	2024-08-18 19:30:35.552588-05	4		1	[{"added": {}}]	7	1
32	2024-08-18 19:31:02.968791-05	2	TransNeXt-Tiny-IN1K	1	[{"added": {}}]	9	1
33	2024-08-18 19:43:08.330537-05	3	TransNeXt-Tiny-IN1K/Mask R-CNN/Object Detection/COCO (val)/COCO (train)/	2	[{"changed": {"fields": ["Instance type"]}}]	7	1
34	2024-08-18 19:43:12.534212-05	4	TransNeXt-Tiny-IN1K/Mask R-CNN/Instance Segmentation/COCO (val)/COCO (train)/	2	[{"changed": {"fields": ["Instance type"]}}]	7	1
35	2024-08-19 00:24:16.87658-05	5	TransNeXt-Small-IN1K/Mask R-CNN/Object Detection/COCO (val)/COCO (train)/	1	[{"added": {}}]	7	1
36	2024-08-19 00:25:25.179418-05	6	TransNeXt-Small-IN1K/Mask R-CNN/Instance Segmentation/COCO (val)/COCO (train)/	1	[{"added": {}}]	7	1
37	2024-08-19 00:26:17.544923-05	3	TransNeXt-Small-IN1K/ImageNet-1k/	1	[{"added": {}}]	8	1
38	2024-08-19 00:26:20.942575-05	3	TransNeXt-Small-IN1k	1	[{"added": {}}]	9	1
39	2024-08-19 00:26:59.578671-05	5	TransNeXt-Small-IN1K/Mask R-CNN/Object Detection/COCO (val)/COCO (train)/	2	[{"changed": {"fields": ["Gflops"]}}]	7	1
40	2024-08-19 00:28:59.736432-05	4	TransNeXt-Base-IN1k/ImageNet-1k/	1	[{"added": {}}]	8	1
41	2024-08-19 00:29:57.870801-05	7	TransNeXt-Base-IN1k/Mask R-CNN/Object Detection/COCO (val)/COCO (train)/	1	[{"added": {}}]	7	1
42	2024-08-19 00:30:43.948361-05	8	TransNeXt-Base-IN1k/Mask R-CNN/Instance Segmentation/COCO (val)/COCO (train)/	1	[{"added": {}}]	7	1
43	2024-08-19 00:30:58.054705-05	4	TransNeXt-Base-IN1k	1	[{"added": {}}]	9	1
44	2024-08-19 00:31:28.195244-05	2	TransNeXt-Tiny-IN1k	2	[{"changed": {"fields": ["Name"]}}]	9	1
45	2024-08-19 00:31:34.562169-05	1	TransNeXt-Micro-IN1k	2	[{"changed": {"fields": ["Name"]}}]	9	1
46	2024-08-19 00:31:44.808088-05	6	TransNeXt-Small-IN1k/Mask R-CNN/Instance Segmentation/COCO (val)/COCO (train)/	2	[{"changed": {"fields": ["Pretrained backbone name"]}}]	7	1
47	2024-08-19 00:31:49.929913-05	5	TransNeXt-Small-IN1k/Mask R-CNN/Object Detection/COCO (val)/COCO (train)/	2	[{"changed": {"fields": ["Pretrained backbone name"]}}]	7	1
48	2024-08-19 00:31:55.246387-05	4	TransNeXt-Tiny-IN1k/Mask R-CNN/Instance Segmentation/COCO (val)/COCO (train)/	2	[{"changed": {"fields": ["Pretrained backbone name"]}}]	7	1
49	2024-08-19 00:32:00.832995-05	3	TransNeXt-Tiny-IN1k/Mask R-CNN/Object Detection/COCO (val)/COCO (train)/	2	[{"changed": {"fields": ["Pretrained backbone name"]}}]	7	1
50	2024-08-19 15:08:39.103474-05	2	ConvNeXt	1	[{"added": {}}]	14	1
51	2024-08-19 15:09:12.947098-05	5	ConvNeXt-T	1	[{"added": {}}]	10	1
52	2024-08-19 15:09:22.318849-05	6	ConvNeXt-S	1	[{"added": {}}]	10	1
53	2024-08-19 15:09:31.55587-05	7	ConvNeXt-B	1	[{"added": {}}]	10	1
54	2024-08-19 15:09:44.596669-05	8	ConvNeXt-L	1	[{"added": {}}]	10	1
55	2024-08-19 15:10:26.674011-05	8	ConvNeXt-Large	2	[{"changed": {"fields": ["Name"]}}]	10	1
56	2024-08-19 15:10:29.526764-05	7	ConvNeXt-Base	2	[{"changed": {"fields": ["Name"]}}]	10	1
57	2024-08-19 15:10:32.992005-05	6	ConvNeXt-Small	2	[{"changed": {"fields": ["Name"]}}]	10	1
58	2024-08-19 15:10:36.296926-05	5	ConvNeXt-Tiny	2	[{"changed": {"fields": ["Name"]}}]	10	1
59	2024-08-19 15:14:03.196156-05	5	ConvNeXt-Large-IN1k/ImageNet-1k/	1	[{"added": {}}]	8	1
60	2024-08-19 15:18:35.823871-05	8	ConvNeXt-Large-IN1k/ImageNet-1k/ImageNet-1k/	1	[{"added": {}}]	8	1
61	2024-08-19 15:22:59.636978-05	5	ConvNeXt-Large-IN1k	1	[{"added": {}}]	9	1
62	2024-08-19 15:26:57.986878-05	2	Cascade Mask-RCNN	1	[{"added": {}}]	12	1
63	2024-08-19 15:27:30.891542-05	2	Cascade Mask R-CNN	2	[{"changed": {"fields": ["Name"]}}]	12	1
64	2024-08-19 15:28:47.363558-05	5	ConvNeXt-Large-IN1k	2	[]	9	1
65	2024-08-19 15:31:08.510642-05	9	ConvNeXt-Large-IN22k/ImageNet-1k/ImageNet-1k/	1	[{"added": {}}]	8	1
66	2024-08-19 15:32:09.778532-05	10	ConvNeXt-Large-IN22k/ImageNet-1k/ImageNet-1k/	1	[{"added": {}}]	8	1
67	2024-08-19 15:35:10.073881-05	9	ConvNeXt-Large-IN22k/Cascade Mask R-CNN/Object Detection/COCO (val)/COCO (train)/	1	[{"added": {}}]	7	1
68	2024-08-19 15:36:01.421247-05	10	ConvNeXt-Large-IN22k/Cascade Mask R-CNN/Instance Segmentation/COCO (val)/COCO (train)/	1	[{"added": {}}]	7	1
69	2024-08-19 15:36:14.728215-05	6	ConvNeXt-Large-IN22k	1	[{"added": {}}]	9	1
70	2024-08-19 15:37:45.944397-05	11	ConvNeXt-Base-IN1k/ImageNet-1k/	1	[{"added": {}}]	8	1
71	2024-08-19 15:38:20.318456-05	12	ConvNeXt-Base-IN1k/ImageNet-1k/ImageNet-1k/	1	[{"added": {}}]	8	1
138	2024-08-19 21:34:09.035825-05	13	ConvNeXt-ExtraLarge-IN22k	1	[{"added": {}}]	9	1
72	2024-08-19 15:39:15.851015-05	11	ConvNeXt-Base-IN1k/Cascade Mask R-CNN/Object Detection/COCO (val)/COCO (train)/	1	[{"added": {}}]	7	1
73	2024-08-19 15:39:53.265302-05	12	ConvNeXt-Base-IN1k/Cascade Mask R-CNN/Instance Segmentation/COCO (val)/COCO (train)/	1	[{"added": {}}]	7	1
74	2024-08-19 15:41:31.732303-05	7	ConvNeXt-Base-IN1k	1	[{"added": {}}]	9	1
75	2024-08-19 15:42:59.569573-05	13	ConvNeXt-Base-IN22k/Cascade Mask R-CNN/Object Detection/COCO (val)/COCO (train)/	1	[{"added": {}}]	7	1
76	2024-08-19 15:43:44.56648-05	14	ConvNeXt-Base-IN22k/Cascade Mask R-CNN/Instance Segmentation/COCO (val)/COCO (train)/	1	[{"added": {}}]	7	1
77	2024-08-19 15:44:53.354051-05	13	ConvNeXt-Base-IN22k/ImageNet-1k/ImageNet-1k/	1	[{"added": {}}]	8	1
78	2024-08-19 15:45:37.815467-05	14	ConvNeXt-Base-IN22k/ImageNet-1k/ImageNet-1k/	1	[{"added": {}}]	8	1
79	2024-08-19 15:45:40.888773-05	8	ConvNeXt-Base-IN22k	1	[{"added": {}}]	9	1
80	2024-08-19 15:47:05.06681-05	10	ConvNeXt-Large-IN22k/ImageNet-1k/ImageNet-1k/	2	[{"changed": {"fields": ["Gflops"]}}]	8	1
81	2024-08-19 15:49:33.978816-05	15	ConvNeXt-Small-IN1k/ImageNet-1k/	1	[{"added": {}}]	8	1
82	2024-08-19 15:50:47.507298-05	15	ConvNeXt-Small-IN1k/Cascade Mask R-CNN/Object Detection/COCO (val)/COCO (train)/36/	1	[{"added": {}}]	7	1
83	2024-08-19 15:50:56.644665-05	9	ConvNeXt-Small-IN1k	1	[{"added": {}}]	9	1
84	2024-08-19 15:52:30.799183-05	16	ConvNeXt-Small-IN22k/ImageNet-1k/ImageNet-1k/30/	1	[{"added": {}}]	8	1
85	2024-08-19 15:53:13.827473-05	17	ConvNeXt-Small-IN22k/ImageNet-1k/ImageNet-1k/384/	1	[{"added": {}}]	8	1
86	2024-08-19 15:53:20.61957-05	10	ConvNeXt-Small-IN22k	1	[{"added": {}}]	9	1
87	2024-08-19 15:54:23.645677-05	18	ConvNeXt-Tiny-IN1k/ImageNet-1k/	1	[{"added": {}}]	8	1
88	2024-08-19 15:55:36.779177-05	16	ConvNeXt-Tiny-IN1k/Cascade Mask R-CNN/Object Detection/COCO (val)/COCO (train)/36/	1	[{"added": {}}]	7	1
89	2024-08-19 15:56:30.00389-05	17	ConvNeXt-Tiny-IN1k/Cascade Mask R-CNN/Instance Segmentation/COCO (val)/COCO (train)/36/	1	[{"added": {}}]	7	1
90	2024-08-19 15:57:15.627996-05	18	ConvNeXt-Tiny-IN1k/Mask R-CNN/Object Detection/COCO (val)/COCO (train)/36/	1	[{"added": {}}]	7	1
91	2024-08-19 15:57:50.230615-05	19	ConvNeXt-Tiny-IN1k/Mask R-CNN/Instance Segmentation/COCO (val)/COCO (train)/36/	1	[{"added": {}}]	7	1
92	2024-08-19 15:57:54.913675-05	11	ConvNeXt-Tiny-IN1k	1	[{"added": {}}]	9	1
93	2024-08-19 16:00:40.401281-05	19	ConvNeXt-Tiny-IN22k/ImageNet-1k/ImageNet-1k/224/	1	[{"added": {}}]	8	1
94	2024-08-19 16:01:05.57208-05	20	ConvNeXt-Tiny-IN22k/ImageNet-1k/ImageNet-1k/384/	1	[{"added": {}}]	8	1
95	2024-08-19 16:01:07.116489-05	12	ConvNeXt-Tiny-IN22k	1	[{"added": {}}]	9	1
96	2024-08-19 17:27:11.285218-05	6	Panoptic Segmentation	1	[{"added": {}}]	11	1
97	2024-08-19 17:27:24.706692-05	6	ADE20K	1	[{"added": {}}]	13	1
98	2024-08-19 17:28:34.372677-05	7	ImageNet-A	1	[{"added": {}}]	13	1
99	2024-08-19 17:29:21.121512-05	8	ImageNet-R	1	[{"added": {}}]	13	1
100	2024-08-19 17:29:43.797249-05	9	ImageNet-Sketch	1	[{"added": {}}]	13	1
101	2024-08-19 17:31:05.241512-05	10	ImageNet-C	1	[{"added": {}}]	13	1
102	2024-08-19 17:33:12.6204-05	11	ImageNet-C-bar	1	[{"added": {}}]	13	1
103	2024-08-19 20:52:40.303485-05	21	ConvNeXt-Tiny-IN1k/ImageNet-C/	1	[{"added": {}}]	8	1
104	2024-08-19 20:53:13.184562-05	22	ConvNeXt-Tiny-IN1k/ImageNet-C-bar/	1	[{"added": {}}]	8	1
105	2024-08-19 20:53:43.013556-05	23	ConvNeXt-Tiny-IN1k/ImageNet-A/	1	[{"added": {}}]	8	1
106	2024-08-19 20:54:09.59393-05	24	ConvNeXt-Tiny-IN1k/ImageNet-R/	1	[{"added": {}}]	8	1
107	2024-08-19 20:54:30.202752-05	25	ConvNeXt-Tiny-IN1k/ImageNet-Sketch/	1	[{"added": {}}]	8	1
108	2024-08-19 20:54:35.186367-05	11	ConvNeXt-Tiny-IN1k	2	[{"changed": {"fields": ["Classification results"]}}]	9	1
109	2024-08-19 20:56:33.749891-05	26	ConvNeXt-Base-IN1k/ImageNet-C/	1	[{"added": {}}]	8	1
110	2024-08-19 20:57:09.283546-05	27	ConvNeXt-Base-IN1k/ImageNet-C-bar/	1	[{"added": {}}]	8	1
111	2024-08-19 20:57:34.987304-05	28	ConvNeXt-Base-IN1k/ImageNet-A/	1	[{"added": {}}]	8	1
112	2024-08-19 20:58:05.683537-05	29	ConvNeXt-Base-IN1k/ImageNet-R/	1	[{"added": {}}]	8	1
113	2024-08-19 20:58:21.26057-05	30	ConvNeXt-Base-IN1k/ImageNet-Sketch/	1	[{"added": {}}]	8	1
114	2024-08-19 20:58:27.091459-05	7	ConvNeXt-Base-IN1k	2	[{"changed": {"fields": ["Classification results"]}}]	9	1
115	2024-08-19 21:01:12.120659-05	31	ConvNeXt-Base-IN22k/ImageNet-C/ImageNet-1k/384/	1	[{"added": {}}]	8	1
116	2024-08-19 21:04:52.0422-05	32	ConvNeXt-Base-IN22k/ImageNet-C-bar/ImageNet-1k/384/	1	[{"added": {}}]	8	1
117	2024-08-19 21:06:23.324917-05	33	ConvNeXt-Base-IN22k/ImageNet-A/ImageNet-1k/384/	1	[{"added": {}}]	8	1
118	2024-08-19 21:07:11.425864-05	34	ConvNeXt-Base-IN22k/ImageNet-R/ImageNet-1k/384/	1	[{"added": {}}]	8	1
119	2024-08-19 21:07:37.148542-05	35	ConvNeXt-Base-IN22k/ImageNet-R/ImageNet-1k/384/	1	[{"added": {}}]	8	1
120	2024-08-19 21:07:41.58988-05	8	ConvNeXt-Base-IN22k	2	[{"changed": {"fields": ["Classification results", "Paper", "Github"]}}]	9	1
121	2024-08-19 21:10:38.319654-05	36	ConvNeXt-Large-IN22k/ImageNet-C/ImageNet-1k/384/	1	[{"added": {}}]	8	1
122	2024-08-19 21:11:04.488387-05	37	ConvNeXt-Large-IN22k/ImageNet-C-bar/ImageNet-1k/384/	1	[{"added": {}}]	8	1
123	2024-08-19 21:23:20.974558-05	38	ConvNeXt-Large-IN22k/ImageNet-A/ImageNet-1k/384/	1	[{"added": {}}]	8	1
124	2024-08-19 21:23:55.25961-05	39	ConvNeXt-Large-IN22k/ImageNet-R/ImageNet-1k/384/	1	[{"added": {}}]	8	1
125	2024-08-19 21:24:58.340912-05	40	ConvNeXt-Large-IN22k/ImageNet-Sketch/ImageNet-1k/384/	1	[{"added": {}}]	8	1
126	2024-08-19 21:25:06.754512-05	6	ConvNeXt-Large-IN22k	2	[{"changed": {"fields": ["Classification results"]}}]	9	1
127	2024-08-19 21:27:18.931224-05	9	ConvNeXt-ExtraLarge	1	[{"added": {}}]	10	1
128	2024-08-19 21:27:24.535999-05	9	ConvNeXt-ExtraLarge	2	[]	10	1
129	2024-08-19 21:28:30.748241-05	41	ConvNeXt-ExtraLarge-IN22k/ImageNet-1k/ImageNet-1k/224/	1	[{"added": {}}]	8	1
130	2024-08-19 21:28:59.323556-05	42	ConvNeXt-ExtraLarge-IN22k/ImageNet-1k/ImageNet-1k/384/	1	[{"added": {}}]	8	1
131	2024-08-19 21:30:03.716738-05	20	ConvNeXt-ExtraLarge-IN22k/Cascade Mask R-CNN/Object Detection/COCO (val)/COCO (train)/36/	1	[{"added": {}}]	7	1
132	2024-08-19 21:30:41.079676-05	21	ConvNeXt-ExtraLarge-IN22k/Cascade Mask R-CNN/Instance Segmentation/COCO (val)/COCO (train)/36/	1	[{"added": {}}]	7	1
133	2024-08-19 21:31:48.401573-05	43	ConvNeXt-ExtraLarge-IN22k/ImageNet-C/ImageNet-1k/384/	1	[{"added": {}}]	8	1
134	2024-08-19 21:32:34.16967-05	44	ConvNeXt-ExtraLarge-IN22k/ImageNet-C-bar/ImageNet-1k/384/	1	[{"added": {}}]	8	1
135	2024-08-19 21:33:02.54261-05	45	ConvNeXt-ExtraLarge-IN22k/ImageNet-A/ImageNet-1k/384/	1	[{"added": {}}]	8	1
136	2024-08-19 21:33:33.41281-05	46	ConvNeXt-ExtraLarge-IN22k/ImageNet-R/ImageNet-1k/384/	1	[{"added": {}}]	8	1
137	2024-08-19 21:34:06.026201-05	47	ConvNeXt-ExtraLarge-IN22k/ImageNet-Sketch/ImageNet-1k/384/	1	[{"added": {}}]	8	1
139	2024-08-19 22:20:27.622636-05	35	ConvNeXt-Base-IN22k/ImageNet-Sketch/ImageNet-1k/384/	2	[{"changed": {"fields": ["Dataset"]}}]	8	1
140	2024-08-30 17:39:46.205137-05	1	FPSMeasurement object (1)	1	[{"added": {}}]	15	1
141	2024-08-30 17:39:47.875877-05	4	TransNeXt-Base	2	[{"changed": {"fields": ["Fps measurements"]}}]	10	1
142	2024-08-30 17:41:32.449416-05	2	TransNeXt-Small/V100/224/FP16/	1	[{"added": {}}]	15	1
143	2024-08-30 17:41:44.784633-05	3	TransNeXt-Small	2	[{"changed": {"fields": ["Fps measurements"]}}]	10	1
144	2024-08-30 17:42:13.751873-05	3	TransNeXt-Tiny/V100/224/FP16/	1	[{"added": {}}]	15	1
145	2024-08-30 17:42:15.570117-05	2	TransNeXt-Tiny	2	[{"changed": {"fields": ["Fps measurements"]}}]	10	1
146	2024-08-30 17:46:06.116412-05	4	TransNeXt-Tiny/V100/224/FP32/	1	[{"added": {}}]	15	1
147	2024-08-30 17:46:08.717852-05	2	TransNeXt-Tiny	2	[{"changed": {"fields": ["Fps measurements"]}}]	10	1
148	2024-08-30 17:46:35.785353-05	5	TransNeXt-Micro/V100/224/FP16/	1	[{"added": {}}]	15	1
149	2024-08-30 17:46:38.154772-05	1	TransNeXt-Micro	2	[{"changed": {"fields": ["Fps measurements"]}}]	10	1
150	2024-08-30 17:59:35.804703-05	48	TransNeXt-Micro-IN1K/ImageNet-C/	1	[{"added": {}}]	8	1
151	2024-08-30 18:00:09.531124-05	49	TransNeXt-Micro-IN1K/ImageNet-A/	1	[{"added": {}}]	8	1
152	2024-08-30 18:00:49.457578-05	50	TransNeXt-Micro-IN1K/ImageNet-R/	1	[{"added": {}}]	8	1
153	2024-08-30 18:01:25.079316-05	51	TransNeXt-Micro-IN1K/ImageNet-Sketch/	1	[{"added": {}}]	8	1
154	2024-08-30 18:03:01.191978-05	12	ImageNet-V2	1	[{"added": {}}]	13	1
155	2024-08-30 18:03:32.408829-05	52	TransNeXt-Micro-IN1K/ImageNet-V2/	1	[{"added": {}}]	8	1
156	2024-08-30 18:04:10.865122-05	53	TransNeXt-Tiny-IN1K/ImageNet-C/	1	[{"added": {}}]	8	1
157	2024-08-30 18:04:37.144224-05	54	TransNeXt-Tiny-IN1K/ImageNet-A/	1	[{"added": {}}]	8	1
158	2024-08-30 18:05:00.219971-05	55	TransNeXt-Tiny-IN1K/ImageNet-R/	1	[{"added": {}}]	8	1
159	2024-08-30 18:05:23.643255-05	56	TransNeXt-Tiny-IN1K/ImageNet-Sketch/	1	[{"added": {}}]	8	1
160	2024-08-30 18:05:50.776418-05	57	TransNeXt-Tiny-IN1K/ImageNet-V2/	1	[{"added": {}}]	8	1
161	2024-08-30 18:06:39.134459-05	2	TransNeXt-Tiny-IN1k	2	[{"changed": {"fields": ["Classification results"]}}]	9	1
162	2024-08-30 18:07:06.381873-05	1	TransNeXt-Micro-IN1k	2	[{"changed": {"fields": ["Classification results"]}}]	9	1
163	2024-08-30 18:08:22.785786-05	58	TransNeXt-Small-IN1K/ImageNet-C/	1	[{"added": {}}]	8	1
164	2024-08-30 18:08:46.912129-05	59	TransNeXt-Small-IN1K/ImageNet-A/	1	[{"added": {}}]	8	1
165	2024-08-30 18:09:39.130398-05	60	TransNeXt-Small-IN1K/ImageNet-R/	1	[{"added": {}}]	8	1
166	2024-08-30 18:10:11.100527-05	61	TransNeXt-Small-IN1K/ImageNet-Sketch/	1	[{"added": {}}]	8	1
167	2024-08-30 18:10:38.331493-05	62	TransNeXt-Small-IN1K/ImageNet-V2/	1	[{"added": {}}]	8	1
168	2024-08-30 18:12:25.889282-05	3	TransNeXt-Small-IN1k	2	[{"changed": {"fields": ["Classification results"]}}]	9	1
169	2024-08-30 18:13:25.425317-05	63	TransNeXt-Base-IN1k/ImageNet-C/	1	[{"added": {}}]	8	1
170	2024-08-30 18:14:53.611325-05	64	TransNeXt-Base-IN1k/ImageNet-A/	1	[{"added": {}}]	8	1
171	2024-08-30 18:15:26.364571-05	65	TransNeXt-Base-IN1k/ImageNet-R/	1	[{"added": {}}]	8	1
172	2024-08-30 18:15:47.509885-05	66	TransNeXt-Base-IN1k/ImageNet-Sketch/	1	[{"added": {}}]	8	1
173	2024-08-30 18:16:08.855906-05	67	TransNeXt-Base-IN1k/ImageNet-V2/	1	[{"added": {}}]	8	1
174	2024-08-30 18:19:21.327421-05	68	TransNeXt-Base-IN1k/ImageNet-1k/ImageNet-1k/384/	1	[{"added": {}}]	8	1
175	2024-08-30 18:19:48.231712-05	69	TransNeXt-Base-IN1k/ImageNet-A/ImageNet-1k/384/	1	[{"added": {}}]	8	1
176	2024-08-30 18:20:16.258179-05	70	TransNeXt-Base-IN1k/ImageNet-R/ImageNet-1k/384/	1	[{"added": {}}]	8	1
177	2024-08-30 18:20:49.97331-05	71	TransNeXt-Base-IN1k/ImageNet-Sketch/ImageNet-1k/384/	1	[{"added": {}}]	8	1
178	2024-08-30 18:21:24.261137-05	72	TransNeXt-Base-IN1k/ImageNet-V2/ImageNet-1k/384/	1	[{"added": {}}]	8	1
179	2024-08-30 18:21:31.66668-05	4	TransNeXt-Base-IN1k	2	[{"changed": {"fields": ["Classification results"]}}]	9	1
180	2024-08-30 18:22:24.538161-05	73	TransNeXt-Small-IN1K/ImageNet-1k/ImageNet-1k/384/	1	[{"added": {}}]	8	1
181	2024-08-30 18:22:50.81293-05	74	TransNeXt-Small-IN1K/ImageNet-A/ImageNet-1k/384/	1	[{"added": {}}]	8	1
182	2024-08-30 18:23:18.242806-05	75	TransNeXt-Small-IN1K/ImageNet-R/ImageNet-1k/384/	1	[{"added": {}}]	8	1
183	2024-08-30 18:23:51.772729-05	3	TransNeXt-Small-IN1k	2	[{"changed": {"fields": ["Classification results"]}}]	9	1
184	2024-08-30 18:24:03.506665-05	3	TransNeXt-Small-IN1k	2	[{"changed": {"fields": ["Classification results"]}}]	9	1
185	2024-08-30 18:24:30.963317-05	76	TransNeXt-Small-IN1K/ImageNet-Sketch/ImageNet-1k/384/	1	[{"added": {}}]	8	1
186	2024-08-30 18:24:38.352316-05	3	TransNeXt-Small-IN1k	2	[]	9	1
187	2024-08-30 18:24:43.829603-05	3	TransNeXt-Small-IN1k	2	[{"changed": {"fields": ["Classification results"]}}]	9	1
188	2024-08-30 18:25:10.754213-05	77	TransNeXt-Small-IN1K/ImageNet-V2/ImageNet-1k/384/	1	[{"added": {}}]	8	1
189	2024-08-30 18:25:25.075246-05	3	TransNeXt-Small-IN1k	2	[{"changed": {"fields": ["Classification results"]}}]	9	1
190	2024-08-30 18:41:18.583762-05	6	ConvNeXt-Tiny/V100/224/FP32/	1	[{"added": {}}]	15	1
191	2024-08-30 18:41:55.314566-05	7	ConvNeXt-Tiny/V100/384/FP32/	1	[{"added": {}}]	15	1
192	2024-08-30 18:42:00.14683-05	5	ConvNeXt-Tiny	2	[{"changed": {"fields": ["Fps measurements"]}}]	10	1
193	2024-08-30 18:42:27.869513-05	8	ConvNeXt-Small/V100/224/FP32/	1	[{"added": {}}]	15	1
194	2024-08-30 18:43:06.860548-05	9	ConvNeXt-Small/V100/384/FP32/	1	[{"added": {}}]	15	1
195	2024-08-30 18:43:23.783961-05	6	ConvNeXt-Small	2	[{"changed": {"fields": ["Fps measurements"]}}]	10	1
196	2024-08-30 18:43:50.489434-05	10	ConvNeXt-Base/V100/224/FP32/	1	[{"added": {}}]	15	1
197	2024-08-30 18:44:12.200673-05	11	ConvNeXt-Base/V100/384/FP32/	1	[{"added": {}}]	15	1
198	2024-08-30 18:44:14.562417-05	7	ConvNeXt-Base	2	[{"changed": {"fields": ["Fps measurements"]}}]	10	1
199	2024-08-30 18:44:44.391773-05	12	ConvNeXt-Large/V100/224/FP32/	1	[{"added": {}}]	15	1
200	2024-08-30 18:45:08.884409-05	13	ConvNeXt-Large/V100/384/FP32/	1	[{"added": {}}]	15	1
201	2024-08-30 18:46:18.234868-05	8	ConvNeXt-Large	2	[{"changed": {"fields": ["Fps measurements"]}}]	10	1
202	2024-08-30 18:47:04.379378-05	14	ConvNeXt-ExtraLarge/V100/224/FP32/	1	[{"added": {}}]	15	1
203	2024-08-30 18:47:24.891913-05	15	ConvNeXt-ExtraLarge/V100/384/FP32/	1	[{"added": {}}]	15	1
204	2024-08-30 18:55:07.221647-05	16	ConvNeXt-ExtraLarge/A100/224/TF32/	1	[{"added": {}}]	15	1
205	2024-08-30 18:55:30.883337-05	17	ConvNeXt-ExtraLarge/A100/384/TF32/	1	[{"added": {}}]	15	1
206	2024-08-30 18:55:33.977969-05	9	ConvNeXt-ExtraLarge	2	[{"changed": {"fields": ["Fps measurements"]}}]	10	1
207	2024-08-30 18:56:02.39275-05	18	ConvNeXt-Tiny/A100/224/TF32/	1	[{"added": {}}]	15	1
208	2024-08-30 18:56:28.765802-05	5	ConvNeXt-Tiny	2	[{"changed": {"fields": ["Fps measurements"]}}]	10	1
209	2024-08-30 18:56:56.437496-05	19	ConvNeXt-Small/A100/224/TF32/	1	[{"added": {}}]	15	1
210	2024-08-30 18:56:59.280058-05	6	ConvNeXt-Small	2	[{"changed": {"fields": ["Fps measurements"]}}]	10	1
211	2024-08-30 18:57:27.129748-05	20	ConvNeXt-Base/A100/224/TF32/	1	[{"added": {}}]	15	1
212	2024-08-30 18:57:46.959893-05	21	ConvNeXt-Base/A100/384/TF32/	1	[{"added": {}}]	15	1
213	2024-08-30 18:57:52.402597-05	7	ConvNeXt-Base	2	[{"changed": {"fields": ["Fps measurements"]}}]	10	1
214	2024-08-30 18:58:15.414486-05	22	ConvNeXt-Large/A100/224/TF32/	1	[{"added": {}}]	15	1
215	2024-08-30 18:58:34.506497-05	23	ConvNeXt-Large/A100/384/TF32/	1	[{"added": {}}]	15	1
216	2024-08-30 18:58:35.878235-05	8	ConvNeXt-Large	2	[{"changed": {"fields": ["Fps measurements"]}}]	10	1
217	2024-08-31 17:59:36.379773-05	77	TransNeXt-Small-IN1K/ImageNet-V2/ImageNet-1k/384/	2	[{"changed": {"fields": ["Resolution"]}}]	8	1
218	2024-08-31 17:59:42.629492-05	76	TransNeXt-Small-IN1K/ImageNet-Sketch/ImageNet-1k/384/	2	[{"changed": {"fields": ["Resolution"]}}]	8	1
219	2024-08-31 17:59:47.601704-05	75	TransNeXt-Small-IN1K/ImageNet-R/ImageNet-1k/384/	2	[{"changed": {"fields": ["Resolution"]}}]	8	1
220	2024-08-31 18:00:01.67673-05	75	TransNeXt-Small-IN1K/ImageNet-R/ImageNet-1k/384/	2	[]	8	1
221	2024-08-31 18:00:07.583706-05	74	TransNeXt-Small-IN1K/ImageNet-A/ImageNet-1k/384/	2	[{"changed": {"fields": ["Resolution"]}}]	8	1
222	2024-08-31 18:00:13.584564-05	73	TransNeXt-Small-IN1K/ImageNet-1k/ImageNet-1k/384/	2	[{"changed": {"fields": ["Resolution"]}}]	8	1
223	2024-08-31 18:00:17.048889-05	73	TransNeXt-Small-IN1K/ImageNet-1k/ImageNet-1k/384/	2	[]	8	1
224	2024-08-31 18:00:20.601189-05	73	TransNeXt-Small-IN1K/ImageNet-1k/ImageNet-1k/384/	2	[]	8	1
225	2024-08-31 18:00:29.568224-05	72	TransNeXt-Base-IN1k/ImageNet-V2/ImageNet-1k/384/	2	[{"changed": {"fields": ["Resolution"]}}]	8	1
226	2024-08-31 18:00:34.981064-05	71	TransNeXt-Base-IN1k/ImageNet-Sketch/ImageNet-1k/384/	2	[{"changed": {"fields": ["Resolution"]}}]	8	1
227	2024-08-31 18:00:41.280321-05	70	TransNeXt-Base-IN1k/ImageNet-R/ImageNet-1k/384/	2	[{"changed": {"fields": ["Resolution"]}}]	8	1
228	2024-08-31 18:00:45.159814-05	70	TransNeXt-Base-IN1k/ImageNet-R/ImageNet-1k/384/	2	[]	8	1
229	2024-08-31 18:00:51.646454-05	69	TransNeXt-Base-IN1k/ImageNet-A/ImageNet-1k/384/	2	[{"changed": {"fields": ["Resolution"]}}]	8	1
230	2024-08-31 18:00:55.276375-05	69	TransNeXt-Base-IN1k/ImageNet-A/ImageNet-1k/384/	2	[]	8	1
231	2024-08-31 18:01:01.102334-05	68	TransNeXt-Base-IN1k/ImageNet-1k/ImageNet-1k/384/	2	[{"changed": {"fields": ["Resolution"]}}]	8	1
232	2024-08-31 18:01:18.427925-05	9	ConvNeXt-Large-IN22k/ImageNet-1k/ImageNet-1k/224/	2	[]	8	1
233	2024-08-31 18:01:40.048552-05	47	ConvNeXt-ExtraLarge-IN22k/ImageNet-Sketch/ImageNet-1k/384/	2	[{"changed": {"fields": ["Resolution"]}}]	8	1
234	2024-08-31 18:01:51.082242-05	46	ConvNeXt-ExtraLarge-IN22k/ImageNet-R/ImageNet-1k/384/	2	[{"changed": {"fields": ["Resolution"]}}]	8	1
235	2024-08-31 18:02:05.865281-05	45	ConvNeXt-ExtraLarge-IN22k/ImageNet-A/ImageNet-1k/384/	2	[{"changed": {"fields": ["Resolution"]}}]	8	1
236	2024-08-31 18:02:17.988288-05	44	ConvNeXt-ExtraLarge-IN22k/ImageNet-C-bar/ImageNet-1k/384/	2	[{"changed": {"fields": ["Resolution"]}}]	8	1
237	2024-08-31 18:02:29.487001-05	43	ConvNeXt-ExtraLarge-IN22k/ImageNet-C/ImageNet-1k/384/	2	[{"changed": {"fields": ["Resolution"]}}]	8	1
238	2024-08-31 18:02:45.708347-05	42	ConvNeXt-ExtraLarge-IN22k/ImageNet-1k/ImageNet-1k/384/	2	[{"changed": {"fields": ["Resolution"]}}]	8	1
239	2024-08-31 18:03:01.359706-05	41	ConvNeXt-ExtraLarge-IN22k/ImageNet-1k/ImageNet-1k/224/	2	[{"changed": {"fields": ["Resolution"]}}]	8	1
240	2024-09-01 19:11:41.896487-05	16	ConvNeXt-Small-IN22k/ImageNet-1k/ImageNet-1k/224/	2	[{"changed": {"fields": ["Resolution", "Fine-tuning epochs", "Fine-tuning resolution"]}}]	8	1
241	2024-09-06 20:17:58.801667-05	39	ConvNeXt-Large-IN22k/ImageNet-R/ImageNet-1k/384/	2	[{"changed": {"fields": ["Fine-tuning epochs"]}}]	8	1
242	2024-09-07 23:23:31.972777-05	2	ImageNet-22k	2	[{"changed": {"fields": ["Eval"]}}]	13	1
243	2024-09-07 23:23:36.440245-05	5	COCO (test)	2	[{"changed": {"fields": ["Eval"]}}]	13	1
244	2024-09-08 17:21:20.553512-05	5	COCO (test)	2	[{"changed": {"fields": ["Eval"]}}]	13	1
245	2024-09-08 17:21:23.466337-05	3	COCO (train)	2	[{"changed": {"fields": ["Eval"]}}]	13	1
246	2024-09-09 22:21:02.504351-05	2	ConvNeXt	2	[{"changed": {"fields": ["Model type"]}}]	14	1
247	2024-09-09 22:21:07.18911-05	1	TransNeXt	2	[{"changed": {"fields": ["Model type"]}}]	14	1
248	2024-09-09 22:33:50.158922-05	1	TransNeXt	2	[]	14	1
249	2024-09-09 22:33:52.518602-05	2	ConvNeXt	2	[]	14	1
\.


--
-- Data for Name: django_content_type; Type: TABLE DATA; Schema: public; Owner: postgres
--

COPY public.django_content_type (id, app_label, model) FROM stdin;
1	admin	logentry
2	auth	permission
3	auth	group
4	auth	user
5	contenttypes	contenttype
6	sessions	session
7	view	instanceresult
8	view	classificationresult
9	view	pretrainedbackbone
10	view	backbone
11	view	task
12	view	downstreamhead
13	view	dataset
14	view	backbonefamily
15	view	fpsmeasurement
\.


--
-- Data for Name: django_migrations; Type: TABLE DATA; Schema: public; Owner: postgres
--

COPY public.django_migrations (id, app, name, applied) FROM stdin;
1	contenttypes	0001_initial	2024-08-18 18:10:57.645067-05
2	auth	0001_initial	2024-08-18 18:10:57.67729-05
3	admin	0001_initial	2024-08-18 18:10:57.685168-05
4	admin	0002_logentry_remove_auto_add	2024-08-18 18:10:57.687269-05
5	admin	0003_logentry_add_action_flag_choices	2024-08-18 18:10:57.689171-05
6	contenttypes	0002_remove_content_type_name	2024-08-18 18:10:57.694908-05
7	auth	0002_alter_permission_name_max_length	2024-08-18 18:10:57.697158-05
8	auth	0003_alter_user_email_max_length	2024-08-18 18:10:57.699131-05
9	auth	0004_alter_user_username_opts	2024-08-18 18:10:57.701696-05
10	auth	0005_alter_user_last_login_null	2024-08-18 18:10:57.70449-05
11	auth	0006_require_contenttypes_0002	2024-08-18 18:10:57.70496-05
12	auth	0007_alter_validators_add_error_messages	2024-08-18 18:10:57.707529-05
13	auth	0008_alter_user_username_max_length	2024-08-18 18:10:57.712478-05
14	auth	0009_alter_user_last_name_max_length	2024-08-18 18:10:57.715066-05
15	auth	0010_alter_group_name_max_length	2024-08-18 18:10:57.719375-05
16	auth	0011_update_proxy_permissions	2024-08-18 18:10:57.721389-05
17	auth	0012_alter_user_first_name_max_length	2024-08-18 18:10:57.723616-05
18	sessions	0001_initial	2024-08-18 18:10:57.727739-05
19	view	0001_initial	2024-08-18 18:25:19.492041-05
20	view	0002_pretrainedbackbone_family_and_more	2024-08-18 18:59:04.376143-05
21	view	0003_alter_classificationresult_fine_tune_dataset_and_more	2024-08-18 19:10:13.136548-05
22	view	0004_alter_pretrainedbackbone_classification_results_and_more	2024-08-18 19:12:40.71914-05
23	view	0005_alter_pretrainedbackbone_classification_results_and_more	2024-08-18 19:12:40.725361-05
24	view	0006_classificationresult_pretrained_backbone_name_and_more	2024-08-18 19:18:19.359658-05
25	view	0007_remove_instanceresult_instance_type_and_more	2024-08-18 19:42:35.436634-05
26	view	0008_fpsmeasurement_and_more	2024-08-30 17:30:28.039648-05
27	view	0009_rename_pretrained_backbone_name_fpsmeasurement_backbone_name	2024-08-30 17:36:05.393592-05
28	view	0010_alter_fpsmeasurement_precision	2024-08-30 17:37:59.915059-05
29	view	0011_classificationresult_resolution_and_more	2024-08-31 17:59:08.76085-05
30	view	0012_dataset_eval	2024-09-07 23:23:01.213306-05
31	view	0013_backbonefamily_pretrain_method_and_more	2024-09-09 22:20:22.926349-05
32	view	0014_backbonefamily_hierarchical	2024-09-09 22:24:28.101072-05
\.


--
-- Data for Name: django_session; Type: TABLE DATA; Schema: public; Owner: postgres
--

COPY public.django_session (session_key, session_data, expire_date) FROM stdin;
886n43gay6ekgvfutwfeqx8tbfgc8dbz	.eJxVjEsOAiEQBe_C2hCaX6tL956BNNDIqIFkmFkZ766TzEK3r6reSwRalxrWwXOYsjgLEIffLVJ6cNtAvlO7dZl6W-Ypyk2ROx3y2jM_L7v7d1Bp1G_tGCG6lKxnQ8zgUdlyQkhknE5asbdgoysFuWTQTPGosVinPWprFIr3B-noN5w:1sfpWr:cOwGWhH-GxRQAChnQgQxcx8r64S4rShrkq6zX5kP1o4	2024-09-01 18:41:45.372254-05
2izjyuu93flfv42br5wtcv7yn629ogjn	.eJxVjEsOAiEQBe_C2hCaX6tL956BNNDIqIFkmFkZ766TzEK3r6reSwRalxrWwXOYsjgLEIffLVJ6cNtAvlO7dZl6W-Ypyk2ROx3y2jM_L7v7d1Bp1G_tGCG6lKxnQ8zgUdlyQkhknE5asbdgoysFuWTQTPGosVinPWprFIr3B-noN5w:1sgEG6:P-If1l3MC70dEDuv10zWHIf8yZJfymut6jOpEU0W-RA	2024-09-02 21:06:06.284377-05
fiuyyum8s80xghfwkab6oqxdd9kyoar1	.eJxVjEsOAiEQBe_C2hCaX6tL956BNNDIqIFkmFkZ766TzEK3r6reSwRalxrWwXOYsjgLEIffLVJ6cNtAvlO7dZl6W-Ypyk2ROx3y2jM_L7v7d1Bp1G_tGCG6lKxnQ8zgUdlyQkhknE5asbdgoysFuWTQTPGosVinPWprFIr3B-noN5w:1skuej:eK6KdrFgMgj9ZiWibrI23CxKz-62DpYHlkcy4qDXiu4	2024-09-15 19:10:53.290302-05
\.


--
-- Data for Name: view_backbone; Type: TABLE DATA; Schema: public; Owner: postgres
--

COPY public.view_backbone (id, name, m_parameters, family_id) FROM stdin;
4	TransNeXt-Base	89.7	1
3	TransNeXt-Small	49.7	1
2	TransNeXt-Tiny	28.2	1
1	TransNeXt-Micro	12.8	1
9	ConvNeXt-ExtraLarge	350	2
5	ConvNeXt-Tiny	29	2
6	ConvNeXt-Small	50	2
7	ConvNeXt-Base	89	2
8	ConvNeXt-Large	198	2
\.


--
-- Data for Name: view_backbone_fps_measurements; Type: TABLE DATA; Schema: public; Owner: postgres
--

COPY public.view_backbone_fps_measurements (id, backbone_id, fpsmeasurement_id) FROM stdin;
1	4	1
2	3	2
3	2	3
4	2	4
5	1	5
6	5	6
7	5	7
8	6	8
9	6	9
10	7	10
11	7	11
12	8	12
13	8	13
14	9	16
15	9	17
16	9	14
17	9	15
18	5	18
19	6	19
20	7	20
21	7	21
22	8	22
23	8	23
\.


--
-- Data for Name: view_backbonefamily; Type: TABLE DATA; Schema: public; Owner: postgres
--

COPY public.view_backbonefamily (id, name, model_type, pub_date, paper, github, pretrain_method, hierarchical) FROM stdin;
1	TransNeXt	Attn + Conv	2023-11-28	https://doi.org/10.48550/arXiv.2311.17132	https://github.com/DaiShiResearch/TransNeXt?tab=readme-ov-file	Supervised	t
2	ConvNeXt	Convolution	2022-01-10	https://doi.org/10.48550/arXiv.2201.03545	https://github.com/facebookresearch/ConvNeXt	Supervised	t
\.


--
-- Data for Name: view_classificationresult; Type: TABLE DATA; Schema: public; Owner: postgres
--

COPY public.view_classificationresult (id, fine_tune_epochs, fine_tune_resolution, top_1, top_5, gflops, paper, github, dataset_id, fine_tune_dataset_id, pretrained_backbone_name, resolution) FROM stdin;
16	30	224	84.6	\N	8.7	https://doi.org/10.48550/arXiv.2201.03545	https://github.com/facebookresearch/ConvNeXt	1	1	ConvNeXt-Small-IN22k	224
1	\N	\N	82.5	\N	2.7	https://doi.org/10.48550/arXiv.2311.17132	https://github.com/DaiShiResearch/TransNeXt?tab=readme-ov-file	1	\N	TransNeXt-Micro-IN1K	224
2	\N	\N	84	\N	5.7	https://doi.org/10.48550/arXiv.2311.17132	https://github.com/DaiShiResearch/TransNeXt	1	\N	TransNeXt-Tiny-IN1K	224
3	\N	\N	84.7	\N	10.3	https://doi.org/10.48550/arXiv.2311.17132	https://github.com/DaiShiResearch/TransNeXt	1	\N	TransNeXt-Small-IN1K	224
4	\N	\N	84.8	\N	18.4	https://doi.org/10.48550/arXiv.2311.17132	https://github.com/DaiShiResearch/TransNeXt	1	\N	TransNeXt-Base-IN1k	224
5	\N	\N	84.3	\N	34.4	https://doi.org/10.48550/arXiv.2201.03545	https://github.com/facebookresearch/ConvNeXt	1	\N	ConvNeXt-Large-IN1k	224
8	30	384	85.5	\N	101	https://doi.org/10.48550/arXiv.2201.03545	https://github.com/facebookresearch/ConvNeXt	1	1	ConvNeXt-Large-IN1k	384
11	\N	\N	83.8	\N	15.4	https://doi.org/10.48550/arXiv.2201.03545	https://github.com/facebookresearch/ConvNeXt	1	\N	ConvNeXt-Base-IN1k	224
35	30	384	51.6	\N	45.1	https://doi.org/10.48550/arXiv.2201.03545	https://github.com/facebookresearch/ConvNeXt	9	1	ConvNeXt-Base-IN22k	384
48	\N	\N	50.8	\N	2.7	https://doi.org/10.48550/arXiv.2311.17132	https://github.com/DaiShiResearch/TransNeXt	10	\N	TransNeXt-Micro-IN1K	224
49	\N	\N	29.9	\N	2.7	https://doi.org/10.48550/arXiv.2311.17132	https://github.com/DaiShiResearch/TransNeXt	7	\N	TransNeXt-Micro-IN1K	224
12	30	384	85.1	\N	45	https://doi.org/10.48550/arXiv.2201.03545	https://github.com/facebookresearch/ConvNeXt	1	1	ConvNeXt-Base-IN1k	384
13	30	224	85.8	\N	15.4	https://doi.org/10.48550/arXiv.2201.03545	https://github.com/facebookresearch/ConvNeXt	1	1	ConvNeXt-Base-IN22k	224
14	30	384	86.8	\N	45.1	https://doi.org/10.48550/arXiv.2201.03545	https://github.com/facebookresearch/ConvNeXt	1	1	ConvNeXt-Base-IN22k	384
10	30	384	87.5	\N	101	https://doi.org/10.48550/arXiv.2201.03545	https://github.com/facebookresearch/ConvNeXt	1	1	ConvNeXt-Large-IN22k	384
15	\N	\N	83.1	\N	8.7	https://doi.org/10.48550/arXiv.2201.03545	https://github.com/facebookresearch/ConvNeXt	1	\N	ConvNeXt-Small-IN1k	224
17	30	384	85.8	\N	25.5	https://doi.org/10.48550/arXiv.2201.03545	https://github.com/facebookresearch/ConvNeXt	1	1	ConvNeXt-Small-IN22k	384
18	\N	\N	82.1	\N	4.5	https://doi.org/10.48550/arXiv.2201.03545	https://github.com/facebookresearch/ConvNeXt	1	\N	ConvNeXt-Tiny-IN1k	224
19	30	224	82.9	\N	4.5	https://doi.org/10.48550/arXiv.2201.03545	https://github.com/facebookresearch/ConvNeXt	1	1	ConvNeXt-Tiny-IN22k	224
20	30	384	84.1	\N	13.1	https://doi.org/10.48550/arXiv.2201.03545	https://github.com/facebookresearch/ConvNeXt	1	1	ConvNeXt-Tiny-IN22k	384
21	\N	\N	53.2	\N	4.5	https://doi.org/10.48550/arXiv.2201.03545	https://github.com/facebookresearch/ConvNeXt	10	\N	ConvNeXt-Tiny-IN1k	224
22	\N	\N	40	\N	4.5	https://doi.org/10.48550/arXiv.2201.03545	https://github.com/facebookresearch/ConvNeXt	11	\N	ConvNeXt-Tiny-IN1k	224
23	\N	\N	24.2	\N	4.5	https://doi.org/10.48550/arXiv.2201.03545	https://github.com/facebookresearch/ConvNeXt	7	\N	ConvNeXt-Tiny-IN1k	224
24	\N	\N	47.2	\N	4.5	https://doi.org/10.48550/arXiv.2201.03545	https://github.com/facebookresearch/ConvNeXt	8	\N	ConvNeXt-Tiny-IN1k	224
25	\N	\N	33.8	\N	4.5	https://doi.org/10.48550/arXiv.2201.03545	https://github.com/facebookresearch/ConvNeXt	9	\N	ConvNeXt-Tiny-IN1k	224
26	\N	\N	46.8	\N	15.4	https://doi.org/10.48550/arXiv.2201.03545	https://github.com/facebookresearch/ConvNeXt	10	\N	ConvNeXt-Base-IN1k	224
27	\N	\N	34.4	\N	15.4	https://doi.org/10.48550/arXiv.2201.03545	https://github.com/facebookresearch/ConvNeXt	11	\N	ConvNeXt-Base-IN1k	224
28	\N	\N	36.7	\N	15.4	https://doi.org/10.48550/arXiv.2201.03545	https://github.com/facebookresearch/ConvNeXt	7	\N	ConvNeXt-Base-IN1k	224
29	\N	\N	51.3	\N	15.4	https://doi.org/10.48550/arXiv.2201.03545	https://github.com/facebookresearch/ConvNeXt	8	\N	ConvNeXt-Base-IN1k	224
30	\N	\N	38.2	\N	15.4	https://doi.org/10.48550/arXiv.2201.03545	https://github.com/facebookresearch/ConvNeXt	9	\N	ConvNeXt-Base-IN1k	224
31	30	384	43.1	\N	45.1	https://doi.org/10.48550/arXiv.2201.03545	https://github.com/facebookresearch/ConvNeXt	10	1	ConvNeXt-Base-IN22k	384
32	30	384	30.7	\N	45.1	https://doi.org/10.48550/arXiv.2201.03545	https://github.com/facebookresearch/ConvNeXt	11	1	ConvNeXt-Base-IN22k	384
33	30	384	62.3	\N	45.1	https://doi.org/10.48550/arXiv.2201.03545	https://github.com/facebookresearch/ConvNeXt	7	1	ConvNeXt-Base-IN22k	384
34	30	384	64.9	\N	45.1	https://doi.org/10.48550/arXiv.2201.03545	https://github.com/facebookresearch/ConvNeXt	8	1	ConvNeXt-Base-IN22k	384
36	30	384	40.2	\N	101	https://doi.org/10.48550/arXiv.2201.03545	https://github.com/facebookresearch/ConvNeXt	10	1	ConvNeXt-Large-IN22k	384
37	30	384	29.9	\N	101	https://doi.org/10.48550/arXiv.2201.03545	https://github.com/facebookresearch/ConvNeXt	11	1	ConvNeXt-Large-IN22k	384
38	30	384	65.5	\N	101	https://doi.org/10.48550/arXiv.2201.03545	https://github.com/facebookresearch/ConvNeXt	7	1	ConvNeXt-Large-IN22k	384
40	30	384	52.8	\N	101	https://doi.org/10.48550/arXiv.2201.03545	https://github.com/facebookresearch/ConvNeXt	9	1	ConvNeXt-Large-IN22k	384
9	30	224	86.6	\N	34.4	https://doi.org/10.48550/arXiv.2201.03545	https://github.com/facebookresearch/ConvNeXt	1	1	ConvNeXt-Large-IN22k	224
44	30	384	27.1	\N	179	https://doi.org/10.48550/arXiv.2201.03545	https://github.com/facebookresearch/ConvNeXt	11	1	ConvNeXt-ExtraLarge-IN22k	384
43	30	384	38.8	\N	179	https://doi.org/10.48550/arXiv.2201.03545	https://github.com/facebookresearch/ConvNeXt	10	1	ConvNeXt-ExtraLarge-IN22k	384
42	30	384	87.8	\N	179	https://doi.org/10.48550/arXiv.2201.03545	https://github.com/facebookresearch/ConvNeXt	1	1	ConvNeXt-ExtraLarge-IN22k	384
41	30	224	87	\N	60.9	https://doi.org/10.48550/arXiv.2201.03545	https://github.com/facebookresearch/ConvNeXt	1	1	ConvNeXt-ExtraLarge-IN22k	224
50	\N	\N	45.8	\N	2.7	https://doi.org/10.48550/arXiv.2311.17132	https://github.com/DaiShiResearch/TransNeXt	8	\N	TransNeXt-Micro-IN1K	224
51	\N	\N	33	\N	2.7	https://doi.org/10.48550/arXiv.2311.17132	https://github.com/DaiShiResearch/TransNeXt	9	\N	TransNeXt-Micro-IN1K	224
52	\N	\N	72.6	\N	2.7	https://doi.org/10.48550/arXiv.2311.17132	https://github.com/DaiShiResearch/TransNeXt	12	\N	TransNeXt-Micro-IN1K	224
53	\N	\N	46.5	\N	5.7	https://doi.org/10.48550/arXiv.2311.17132	https://github.com/DaiShiResearch/TransNeXt	10	\N	TransNeXt-Tiny-IN1K	224
54	\N	\N	39.9	\N	5.7	https://doi.org/10.48550/arXiv.2201.03545	https://github.com/DaiShiResearch/TransNeXt	7	\N	TransNeXt-Tiny-IN1K	224
55	\N	\N	49.6	\N	5.7	https://doi.org/10.48550/arXiv.2311.17132	https://github.com/DaiShiResearch/TransNeXt	8	\N	TransNeXt-Tiny-IN1K	224
56	\N	\N	37.6	\N	5.7	https://doi.org/10.48550/arXiv.2201.03545	https://github.com/DaiShiResearch/TransNeXt	9	\N	TransNeXt-Tiny-IN1K	224
57	\N	\N	73.8	\N	5.7	https://doi.org/10.48550/arXiv.2311.17132	https://github.com/DaiShiResearch/TransNeXt	12	\N	TransNeXt-Tiny-IN1K	224
39	30	384	66.7	\N	101	https://doi.org/10.48550/arXiv.2201.03545	https://github.com/facebookresearch/ConvNeXt	8	1	ConvNeXt-Large-IN22k	384
58	\N	\N	43.9	\N	10.3	https://doi.org/10.48550/arXiv.2201.03545	https://github.com/DaiShiResearch/TransNeXt	10	\N	TransNeXt-Small-IN1K	224
59	\N	\N	47.1	\N	10.3	https://doi.org/10.48550/arXiv.2311.17132	https://github.com/DaiShiResearch/TransNeXt	7	\N	TransNeXt-Small-IN1K	224
60	\N	\N	52.5	\N	10.3	https://doi.org/10.48550/arXiv.2201.03545	https://github.com/DaiShiResearch/TransNeXt	8	\N	TransNeXt-Small-IN1K	224
61	\N	\N	39.7	\N	10.3	https://doi.org/10.48550/arXiv.2311.17132	https://github.com/DaiShiResearch/TransNeXt	9	\N	TransNeXt-Small-IN1K	224
62	\N	\N	74.8	\N	10.3	https://doi.org/10.48550/arXiv.2201.03545	https://github.com/DaiShiResearch/TransNeXt	12	\N	TransNeXt-Small-IN1K	224
63	\N	\N	43.5	\N	18.4	https://doi.org/10.48550/arXiv.2311.17132	https://github.com/DaiShiResearch/TransNeXt	10	\N	TransNeXt-Base-IN1k	224
64	\N	\N	50.6	\N	18.4	https://doi.org/10.48550/arXiv.2201.03545	https://github.com/DaiShiResearch/TransNeXt	7	\N	TransNeXt-Base-IN1k	224
65	\N	\N	53.9	\N	18.4	https://doi.org/10.48550/arXiv.2311.17132	https://github.com/DaiShiResearch/TransNeXt	8	\N	TransNeXt-Base-IN1k	224
66	\N	\N	41.4	\N	18.4	https://doi.org/10.48550/arXiv.2201.03545	https://github.com/DaiShiResearch/TransNeXt	9	\N	TransNeXt-Base-IN1k	224
67	\N	\N	75.1	\N	18.4	https://doi.org/10.48550/arXiv.2311.17132	https://github.com/DaiShiResearch/TransNeXt	12	\N	TransNeXt-Base-IN1k	224
77	5	384	76.8	\N	32.1	https://doi.org/10.48550/arXiv.2311.17132	https://github.com/DaiShiResearch/TransNeXt	12	1	TransNeXt-Small-IN1K	384
76	5	384	43.2	\N	32.1	https://doi.org/10.48550/arXiv.2201.03545	https://github.com/DaiShiResearch/TransNeXt	9	1	TransNeXt-Small-IN1K	384
47	30	384	55	\N	179	https://doi.org/10.48550/arXiv.2201.03545	https://github.com/facebookresearch/ConvNeXt	9	1	ConvNeXt-ExtraLarge-IN22k	384
75	5	384	56.4	\N	32.1	https://doi.org/10.48550/arXiv.2311.17132	https://github.com/DaiShiResearch/TransNeXt	8	1	TransNeXt-Small-IN1K	384
74	5	384	58.3	\N	32.1	https://doi.org/10.48550/arXiv.2201.03545	https://github.com/DaiShiResearch/TransNeXt	7	1	TransNeXt-Small-IN1K	384
70	5	384	57.7	\N	56.3	https://doi.org/10.48550/arXiv.2201.03545	https://github.com/DaiShiResearch/TransNeXt	8	1	TransNeXt-Base-IN1k	384
73	5	384	86	\N	32.1	https://doi.org/10.48550/arXiv.2311.17132	https://github.com/DaiShiResearch/TransNeXt	1	1	TransNeXt-Small-IN1K	384
72	5	384	77	\N	56.3	https://doi.org/10.48550/arXiv.2201.03545	https://github.com/DaiShiResearch/TransNeXt	12	1	TransNeXt-Base-IN1k	384
71	5	384	44.7	\N	56.3	https://doi.org/10.48550/arXiv.2311.17132	https://github.com/DaiShiResearch/TransNeXt	9	1	TransNeXt-Base-IN1k	384
46	30	384	68.2	\N	179	https://doi.org/10.48550/arXiv.2201.03545	https://github.com/facebookresearch/ConvNeXt	8	1	ConvNeXt-ExtraLarge-IN22k	384
69	5	384	61.6	\N	56.3	https://doi.org/10.48550/arXiv.2311.17132	https://github.com/DaiShiResearch/TransNeXt	7	1	TransNeXt-Base-IN1k	384
68	5	384	86.2	\N	56.3	https://doi.org/10.48550/arXiv.2201.03545	https://github.com/DaiShiResearch/TransNeXt	1	1	TransNeXt-Base-IN1k	384
45	30	384	69.3	\N	179	https://doi.org/10.48550/arXiv.2201.03545	https://github.com/facebookresearch/ConvNeXt	7	1	ConvNeXt-ExtraLarge-IN22k	384
\.


--
-- Data for Name: view_dataset; Type: TABLE DATA; Schema: public; Owner: postgres
--

COPY public.view_dataset (id, name, website, eval) FROM stdin;
1	ImageNet-1k	https://www.image-net.org/index.php	t
4	COCO (val)	https://cocodataset.org/#home	t
6	ADE20K	https://groups.csail.mit.edu/vision/datasets/ADE20K/	t
7	ImageNet-A	https://github.com/hendrycks/natural-adv-examples?tab=readme-ov-file	t
8	ImageNet-R	https://github.com/hendrycks/imagenet-r	t
9	ImageNet-Sketch	https://github.com/HaohanWang/ImageNet-Sketch	t
10	ImageNet-C	https://github.com/hendrycks/robustness	t
11	ImageNet-C-bar	https://github.com/facebookresearch/augmentation-corruption	t
12	ImageNet-V2	https://imagenetv2.org/	t
2	ImageNet-22k	https://www.image-net.org/index.php	f
5	COCO (test)	https://cocodataset.org/#home	t
3	COCO (train)	https://cocodataset.org/#home	f
\.


--
-- Data for Name: view_dataset_tasks; Type: TABLE DATA; Schema: public; Owner: postgres
--

COPY public.view_dataset_tasks (id, dataset_id, task_id) FROM stdin;
1	1	4
2	2	4
3	3	2
4	3	3
5	4	2
6	4	3
7	5	2
8	5	3
9	6	3
10	6	5
11	6	6
12	7	4
13	8	4
14	9	4
15	10	4
16	11	4
17	12	4
\.


--
-- Data for Name: view_downstreamhead; Type: TABLE DATA; Schema: public; Owner: postgres
--

COPY public.view_downstreamhead (id, name, paper, github) FROM stdin;
1	Mask R-CNN	https://doi.org/10.48550/arXiv.1703.06870	https://github.com/facebookresearch/Detectron?tab=readme-ov-file
2	Cascade Mask R-CNN	https://doi.org/10.48550/arXiv.1906.09756	https://github.com/zhaoweicai/Detectron-Cascade-RCNN?tab=readme-ov-file
\.


--
-- Data for Name: view_downstreamhead_tasks; Type: TABLE DATA; Schema: public; Owner: postgres
--

COPY public.view_downstreamhead_tasks (id, downstreamhead_id, task_id) FROM stdin;
1	1	2
2	1	3
3	2	2
4	2	3
\.


--
-- Data for Name: view_fpsmeasurement; Type: TABLE DATA; Schema: public; Owner: postgres
--

COPY public.view_fpsmeasurement (id, backbone_name, resolution, fps, gpu, "precision", batch_size, source) FROM stdin;
1	TransNeXt-Base	224	297	V100	FP16	64	https://doi.org/10.48550/arXiv.2311.17132
2	TransNeXt-Small	224	394	V100	FP16	64	https://doi.org/10.48550/arXiv.2311.17132
3	TransNeXt-Tiny	224	756	V100	FP16	64	https://doi.org/10.48550/arXiv.2311.17132
4	TransNeXt-Tiny	224	413	V100	FP32	64	https://doi.org/10.48550/arXiv.2311.17132
5	TransNeXt-Micro	224	1117	V100	FP16	64	https://doi.org/10.48550/arXiv.2311.17132
6	ConvNeXt-Tiny	224	774.7	V100	FP32	\N	https://doi.org/10.48550/arXiv.2201.03545
7	ConvNeXt-Tiny	384	282.8	V100	FP32	\N	https://doi.org/10.48550/arXiv.2201.03545
8	ConvNeXt-Small	224	447.1	V100	FP32	\N	https://doi.org/10.48550/arXiv.2201.03545
9	ConvNeXt-Small	384	163.5	V100	FP32	\N	https://doi.org/10.48550/arXiv.2201.03545
10	ConvNeXt-Base	224	292.1	V100	FP32	\N	https://doi.org/10.48550/arXiv.2201.03545
11	ConvNeXt-Base	384	95.7	V100	FP32	\N	https://doi.org/10.48550/arXiv.2201.03545
12	ConvNeXt-Large	224	146.8	V100	FP32	\N	https://doi.org/10.48550/arXiv.2201.03545
13	ConvNeXt-Large	384	50.4	V100	FP32	\N	https://doi.org/10.48550/arXiv.2201.03545
14	ConvNeXt-ExtraLarge	224	89.3	V100	FP32	\N	https://doi.org/10.48550/arXiv.2201.03545
15	ConvNeXt-ExtraLarge	384	30.2	V100	FP32	\N	https://doi.org/10.48550/arXiv.2201.03545
16	ConvNeXt-ExtraLarge	224	424.4	A100	TF32	\N	https://doi.org/10.48550/arXiv.2201.03545
17	ConvNeXt-ExtraLarge	384	147.4	A100	TF32	\N	https://doi.org/10.48550/arXiv.2201.03545
18	ConvNeXt-Tiny	224	1943.5	A100	TF32	\N	https://doi.org/10.48550/arXiv.2201.03545
19	ConvNeXt-Small	224	1275.3	A100	TF32	\N	https://doi.org/10.48550/arXiv.2201.03545
20	ConvNeXt-Base	224	969	A100	TF32	\N	https://doi.org/10.48550/arXiv.2201.03545
21	ConvNeXt-Base	384	336.6	A100	TF32	\N	https://doi.org/10.48550/arXiv.2201.03545
22	ConvNeXt-Large	224	611.5	A100	TF32	\N	https://doi.org/10.48550/arXiv.2201.03545
23	ConvNeXt-Large	384	211.4	A100	TF32	\N	https://doi.org/10.48550/arXiv.2201.03545
\.


--
-- Data for Name: view_instanceresult; Type: TABLE DATA; Schema: public; Owner: postgres
--

COPY public.view_instanceresult (id, train_epochs, "mAP", "AP50", "AP75", "mAPs", "mAPm", "mAPl", gflops, paper, github, dataset_id, head_id, train_dataset_id, pretrained_backbone_name, instance_type_id) FROM stdin;
7	12	51.7	73.2	56.9	\N	\N	\N	709	https://doi.org/10.48550/arXiv.2311.17132	https://github.com/DaiShiResearch/TransNeXt	4	1	3	TransNeXt-Base-IN1k	2
8	12	45.9	70.5	49.7	\N	\N	\N	709	https://doi.org/10.48550/arXiv.2311.17132	https://github.com/DaiShiResearch/TransNeXt	4	1	3	TransNeXt-Base-IN1k	3
6	12	45.5	69.8	49.1	\N	\N	\N	501	https://doi.org/10.48550/arXiv.2311.17132	https://github.com/DaiShiResearch/TransNeXt	4	1	3	TransNeXt-Small-IN1k	3
5	12	51.1	72.6	56.2	\N	\N	\N	501	https://doi.org/10.48550/arXiv.2311.17132	https://github.com/DaiShiResearch/TransNeXt	4	1	3	TransNeXt-Small-IN1k	2
4	12	44.6	68.6	48.1	\N	\N	\N	356	https://doi.org/10.48550/arXiv.2311.17132	https://github.com/DaiShiResearch/TransNeXt	4	1	3	TransNeXt-Tiny-IN1k	3
3	12	49.9	71.5	54.9	\N	\N	\N	356	https://doi.org/10.48550/arXiv.2311.17132	https://github.com/DaiShiResearch/TransNeXt	4	1	3	TransNeXt-Tiny-IN1k	2
9	36	54.8	73.8	59.8	\N	\N	\N	1354	https://doi.org/10.48550/arXiv.2201.03545	https://github.com/facebookresearch/ConvNeXt	4	2	3	ConvNeXt-Large-IN22k	2
10	36	47.6	71.3	51.7	\N	\N	\N	1354	https://doi.org/10.48550/arXiv.2201.03545	https://github.com/facebookresearch/ConvNeXt	4	2	3	ConvNeXt-Large-IN22k	3
11	36	52.7	71.3	57.2	\N	\N	\N	964	https://doi.org/10.48550/arXiv.2201.03545	https://github.com/facebookresearch/ConvNeXt	4	2	3	ConvNeXt-Base-IN1k	2
12	36	45.6	68.9	49.5	\N	\N	\N	964	https://doi.org/10.48550/arXiv.2201.03545	https://github.com/facebookresearch/ConvNeXt	4	2	3	ConvNeXt-Base-IN1k	3
13	36	54	73.1	58.8	\N	\N	\N	964	https://doi.org/10.48550/arXiv.2201.03545	https://github.com/facebookresearch/ConvNeXt	4	2	3	ConvNeXt-Base-IN22k	2
14	36	46.9	70.6	51.3	\N	\N	\N	964	https://doi.org/10.48550/arXiv.2201.03545	https://github.com/facebookresearch/ConvNeXt	4	2	3	ConvNeXt-Base-IN22k	3
15	36	51.9	70.8	56.5	\N	\N	\N	827	https://doi.org/10.48550/arXiv.2201.03545	https://github.com/facebookresearch/ConvNeXt	4	2	3	ConvNeXt-Small-IN1k	2
16	36	50.4	69.1	54.8	\N	\N	\N	741	https://doi.org/10.48550/arXiv.2201.03545	https://github.com/facebookresearch/ConvNeXt	4	2	3	ConvNeXt-Tiny-IN1k	2
17	36	43.7	66.5	47.3	\N	\N	\N	741	https://doi.org/10.48550/arXiv.2201.03545	https://github.com/facebookresearch/ConvNeXt	4	2	3	ConvNeXt-Tiny-IN1k	3
18	36	46.2	67.9	50.8	\N	\N	\N	262	https://doi.org/10.48550/arXiv.2201.03545	https://github.com/facebookresearch/ConvNeXt	4	1	3	ConvNeXt-Tiny-IN1k	2
19	36	41.7	65	44.9	\N	\N	\N	262	https://doi.org/10.48550/arXiv.2201.03545	https://github.com/facebookresearch/ConvNeXt	4	1	3	ConvNeXt-Tiny-IN1k	3
20	36	55.2	74.2	59.9	\N	\N	\N	1898	https://doi.org/10.48550/arXiv.2201.03545	https://github.com/facebookresearch/ConvNeXt	4	2	3	ConvNeXt-ExtraLarge-IN22k	2
21	36	47.7	71.6	52.2	\N	\N	\N	1898	https://doi.org/10.48550/arXiv.2201.03545	https://github.com/facebookresearch/ConvNeXt	4	2	3	ConvNeXt-ExtraLarge-IN22k	3
\.


--
-- Data for Name: view_instanceresult_fps_measurements; Type: TABLE DATA; Schema: public; Owner: postgres
--

COPY public.view_instanceresult_fps_measurements (id, instanceresult_id, fpsmeasurement_id) FROM stdin;
\.


--
-- Data for Name: view_pretrainedbackbone; Type: TABLE DATA; Schema: public; Owner: postgres
--

COPY public.view_pretrainedbackbone (id, name, pretrain_method, pretrain_resolution, pretrain_epochs, paper, github, backbone_id, pretrain_dataset_id, family_id) FROM stdin;
5	ConvNeXt-Large-IN1k	Supervised	224	300	https://doi.org/10.48550/arXiv.2201.03545	https://github.com/facebookresearch/ConvNeXt	8	1	2
9	ConvNeXt-Small-IN1k	Supervised	224	300	https://doi.org/10.48550/arXiv.2201.03545	https://github.com/facebookresearch/ConvNeXt	6	1	2
10	ConvNeXt-Small-IN22k	Supervised	224	90	https://doi.org/10.48550/arXiv.2201.03545	https://github.com/facebookresearch/ConvNeXt	6	2	2
12	ConvNeXt-Tiny-IN22k	Supervised	224	90	https://doi.org/10.48550/arXiv.2201.03545	https://github.com/facebookresearch/ConvNeXt	5	2	2
11	ConvNeXt-Tiny-IN1k	Supervised	224	300	https://doi.org/10.48550/arXiv.2201.03545	https://github.com/facebookresearch/ConvNeXt	5	1	2
7	ConvNeXt-Base-IN1k	Supervised	224	300	https://doi.org/10.48550/arXiv.2201.03545	https://github.com/facebookresearch/ConvNeXt	7	1	2
8	ConvNeXt-Base-IN22k	Supervised	224	90	https://doi.org/10.48550/arXiv.2201.03545	https://github.com/facebookresearch/ConvNeXt	7	2	2
6	ConvNeXt-Large-IN22k	Supervised	224	90	https://doi.org/10.48550/arXiv.2201.03545	https://github.com/facebookresearch/ConvNeXt	8	2	2
13	ConvNeXt-ExtraLarge-IN22k	Supervised	224	90	https://doi.org/10.48550/arXiv.2201.03545	https://github.com/facebookresearch/ConvNeXt	9	2	2
2	TransNeXt-Tiny-IN1k	Supervised	224	300	https://doi.org/10.48550/arXiv.2311.17132	https://github.com/DaiShiResearch/TransNeXt	2	1	1
1	TransNeXt-Micro-IN1k	Supervised	224	300	https://doi.org/10.48550/arXiv.2311.17132	https://github.com/DaiShiResearch/TransNeXt?tab=readme-ov-file	1	1	1
4	TransNeXt-Base-IN1k	Supervised	224	300	https://doi.org/10.48550/arXiv.2311.17132	https://github.com/DaiShiResearch/TransNeXt	4	1	1
3	TransNeXt-Small-IN1k	Supervised	224	300	https://doi.org/10.48550/arXiv.2311.17132	https://github.com/DaiShiResearch/TransNeXt	3	1	1
\.


--
-- Data for Name: view_pretrainedbackbone_classification_results; Type: TABLE DATA; Schema: public; Owner: postgres
--

COPY public.view_pretrainedbackbone_classification_results (id, pretrainedbackbone_id, classificationresult_id) FROM stdin;
1	1	1
2	2	2
3	3	3
4	4	4
5	5	8
6	5	5
7	6	9
8	6	10
9	7	11
10	7	12
11	8	13
12	8	14
13	9	15
14	10	16
15	10	17
16	11	18
17	12	19
18	12	20
19	11	21
20	11	22
21	11	23
22	11	24
23	11	25
24	7	26
25	7	27
26	7	28
27	7	29
28	7	30
29	8	32
30	8	33
31	8	34
32	8	35
33	8	31
34	6	36
35	6	37
36	6	38
37	6	39
38	6	40
39	13	41
40	13	42
41	13	43
42	13	44
43	13	45
44	13	46
45	13	47
46	2	53
47	2	54
48	2	55
49	2	56
50	2	57
51	1	48
52	1	49
53	1	50
54	1	51
55	1	52
56	3	58
57	3	59
58	3	60
59	3	61
60	3	62
61	4	64
62	4	65
63	4	66
64	4	67
65	4	68
66	4	69
67	4	70
68	4	71
69	4	72
70	4	63
71	3	73
72	3	74
73	3	75
74	3	76
75	3	77
\.


--
-- Data for Name: view_pretrainedbackbone_instance_results; Type: TABLE DATA; Schema: public; Owner: postgres
--

COPY public.view_pretrainedbackbone_instance_results (id, pretrainedbackbone_id, instanceresult_id) FROM stdin;
1	2	3
2	2	4
3	3	5
4	3	6
5	4	8
6	4	7
7	6	9
8	6	10
9	7	11
10	7	12
11	8	13
12	8	14
13	9	15
14	11	16
15	11	17
16	11	18
17	11	19
18	13	20
19	13	21
\.


--
-- Data for Name: view_task; Type: TABLE DATA; Schema: public; Owner: postgres
--

COPY public.view_task (id, name) FROM stdin;
2	Object Detection
3	Instance Segmentation
4	Classification
5	Semantic Segmentation
6	Panoptic Segmentation
\.


--
-- Name: auth_group_id_seq; Type: SEQUENCE SET; Schema: public; Owner: postgres
--

SELECT pg_catalog.setval('public.auth_group_id_seq', 1, false);


--
-- Name: auth_group_permissions_id_seq; Type: SEQUENCE SET; Schema: public; Owner: postgres
--

SELECT pg_catalog.setval('public.auth_group_permissions_id_seq', 1, false);


--
-- Name: auth_permission_id_seq; Type: SEQUENCE SET; Schema: public; Owner: postgres
--

SELECT pg_catalog.setval('public.auth_permission_id_seq', 60, true);


--
-- Name: auth_user_groups_id_seq; Type: SEQUENCE SET; Schema: public; Owner: postgres
--

SELECT pg_catalog.setval('public.auth_user_groups_id_seq', 1, false);


--
-- Name: auth_user_id_seq; Type: SEQUENCE SET; Schema: public; Owner: postgres
--

SELECT pg_catalog.setval('public.auth_user_id_seq', 1, true);


--
-- Name: auth_user_user_permissions_id_seq; Type: SEQUENCE SET; Schema: public; Owner: postgres
--

SELECT pg_catalog.setval('public.auth_user_user_permissions_id_seq', 1, false);


--
-- Name: django_admin_log_id_seq; Type: SEQUENCE SET; Schema: public; Owner: postgres
--

SELECT pg_catalog.setval('public.django_admin_log_id_seq', 249, true);


--
-- Name: django_content_type_id_seq; Type: SEQUENCE SET; Schema: public; Owner: postgres
--

SELECT pg_catalog.setval('public.django_content_type_id_seq', 15, true);


--
-- Name: django_migrations_id_seq; Type: SEQUENCE SET; Schema: public; Owner: postgres
--

SELECT pg_catalog.setval('public.django_migrations_id_seq', 32, true);


--
-- Name: view_backbone_fps_measurements_id_seq; Type: SEQUENCE SET; Schema: public; Owner: postgres
--

SELECT pg_catalog.setval('public.view_backbone_fps_measurements_id_seq', 23, true);


--
-- Name: view_backbone_id_seq; Type: SEQUENCE SET; Schema: public; Owner: postgres
--

SELECT pg_catalog.setval('public.view_backbone_id_seq', 9, true);


--
-- Name: view_backbonefamily_id_seq; Type: SEQUENCE SET; Schema: public; Owner: postgres
--

SELECT pg_catalog.setval('public.view_backbonefamily_id_seq', 2, true);


--
-- Name: view_classificationresult_id_seq; Type: SEQUENCE SET; Schema: public; Owner: postgres
--

SELECT pg_catalog.setval('public.view_classificationresult_id_seq', 77, true);


--
-- Name: view_dataset_id_seq; Type: SEQUENCE SET; Schema: public; Owner: postgres
--

SELECT pg_catalog.setval('public.view_dataset_id_seq', 12, true);


--
-- Name: view_dataset_tasks_id_seq; Type: SEQUENCE SET; Schema: public; Owner: postgres
--

SELECT pg_catalog.setval('public.view_dataset_tasks_id_seq', 17, true);


--
-- Name: view_downstreamhead_id_seq; Type: SEQUENCE SET; Schema: public; Owner: postgres
--

SELECT pg_catalog.setval('public.view_downstreamhead_id_seq', 2, true);


--
-- Name: view_downstreamhead_tasks_id_seq; Type: SEQUENCE SET; Schema: public; Owner: postgres
--

SELECT pg_catalog.setval('public.view_downstreamhead_tasks_id_seq', 4, true);


--
-- Name: view_fpsmeasurement_id_seq; Type: SEQUENCE SET; Schema: public; Owner: postgres
--

SELECT pg_catalog.setval('public.view_fpsmeasurement_id_seq', 23, true);


--
-- Name: view_instanceresult_fps_measurements_id_seq; Type: SEQUENCE SET; Schema: public; Owner: postgres
--

SELECT pg_catalog.setval('public.view_instanceresult_fps_measurements_id_seq', 1, false);


--
-- Name: view_instanceresult_id_seq; Type: SEQUENCE SET; Schema: public; Owner: postgres
--

SELECT pg_catalog.setval('public.view_instanceresult_id_seq', 21, true);


--
-- Name: view_pretrainedbackbone_classification_results_id_seq; Type: SEQUENCE SET; Schema: public; Owner: postgres
--

SELECT pg_catalog.setval('public.view_pretrainedbackbone_classification_results_id_seq', 75, true);


--
-- Name: view_pretrainedbackbone_id_seq; Type: SEQUENCE SET; Schema: public; Owner: postgres
--

SELECT pg_catalog.setval('public.view_pretrainedbackbone_id_seq', 13, true);


--
-- Name: view_pretrainedbackbone_instance_results_id_seq; Type: SEQUENCE SET; Schema: public; Owner: postgres
--

SELECT pg_catalog.setval('public.view_pretrainedbackbone_instance_results_id_seq', 19, true);


--
-- Name: view_task_id_seq; Type: SEQUENCE SET; Schema: public; Owner: postgres
--

SELECT pg_catalog.setval('public.view_task_id_seq', 6, true);


--
-- Name: auth_group auth_group_name_key; Type: CONSTRAINT; Schema: public; Owner: postgres
--

ALTER TABLE ONLY public.auth_group
    ADD CONSTRAINT auth_group_name_key UNIQUE (name);


--
-- Name: auth_group_permissions auth_group_permissions_group_id_permission_id_0cd325b0_uniq; Type: CONSTRAINT; Schema: public; Owner: postgres
--

ALTER TABLE ONLY public.auth_group_permissions
    ADD CONSTRAINT auth_group_permissions_group_id_permission_id_0cd325b0_uniq UNIQUE (group_id, permission_id);


--
-- Name: auth_group_permissions auth_group_permissions_pkey; Type: CONSTRAINT; Schema: public; Owner: postgres
--

ALTER TABLE ONLY public.auth_group_permissions
    ADD CONSTRAINT auth_group_permissions_pkey PRIMARY KEY (id);


--
-- Name: auth_group auth_group_pkey; Type: CONSTRAINT; Schema: public; Owner: postgres
--

ALTER TABLE ONLY public.auth_group
    ADD CONSTRAINT auth_group_pkey PRIMARY KEY (id);


--
-- Name: auth_permission auth_permission_content_type_id_codename_01ab375a_uniq; Type: CONSTRAINT; Schema: public; Owner: postgres
--

ALTER TABLE ONLY public.auth_permission
    ADD CONSTRAINT auth_permission_content_type_id_codename_01ab375a_uniq UNIQUE (content_type_id, codename);


--
-- Name: auth_permission auth_permission_pkey; Type: CONSTRAINT; Schema: public; Owner: postgres
--

ALTER TABLE ONLY public.auth_permission
    ADD CONSTRAINT auth_permission_pkey PRIMARY KEY (id);


--
-- Name: auth_user_groups auth_user_groups_pkey; Type: CONSTRAINT; Schema: public; Owner: postgres
--

ALTER TABLE ONLY public.auth_user_groups
    ADD CONSTRAINT auth_user_groups_pkey PRIMARY KEY (id);


--
-- Name: auth_user_groups auth_user_groups_user_id_group_id_94350c0c_uniq; Type: CONSTRAINT; Schema: public; Owner: postgres
--

ALTER TABLE ONLY public.auth_user_groups
    ADD CONSTRAINT auth_user_groups_user_id_group_id_94350c0c_uniq UNIQUE (user_id, group_id);


--
-- Name: auth_user auth_user_pkey; Type: CONSTRAINT; Schema: public; Owner: postgres
--

ALTER TABLE ONLY public.auth_user
    ADD CONSTRAINT auth_user_pkey PRIMARY KEY (id);


--
-- Name: auth_user_user_permissions auth_user_user_permissions_pkey; Type: CONSTRAINT; Schema: public; Owner: postgres
--

ALTER TABLE ONLY public.auth_user_user_permissions
    ADD CONSTRAINT auth_user_user_permissions_pkey PRIMARY KEY (id);


--
-- Name: auth_user_user_permissions auth_user_user_permissions_user_id_permission_id_14a6b632_uniq; Type: CONSTRAINT; Schema: public; Owner: postgres
--

ALTER TABLE ONLY public.auth_user_user_permissions
    ADD CONSTRAINT auth_user_user_permissions_user_id_permission_id_14a6b632_uniq UNIQUE (user_id, permission_id);


--
-- Name: auth_user auth_user_username_key; Type: CONSTRAINT; Schema: public; Owner: postgres
--

ALTER TABLE ONLY public.auth_user
    ADD CONSTRAINT auth_user_username_key UNIQUE (username);


--
-- Name: django_admin_log django_admin_log_pkey; Type: CONSTRAINT; Schema: public; Owner: postgres
--

ALTER TABLE ONLY public.django_admin_log
    ADD CONSTRAINT django_admin_log_pkey PRIMARY KEY (id);


--
-- Name: django_content_type django_content_type_app_label_model_76bd3d3b_uniq; Type: CONSTRAINT; Schema: public; Owner: postgres
--

ALTER TABLE ONLY public.django_content_type
    ADD CONSTRAINT django_content_type_app_label_model_76bd3d3b_uniq UNIQUE (app_label, model);


--
-- Name: django_content_type django_content_type_pkey; Type: CONSTRAINT; Schema: public; Owner: postgres
--

ALTER TABLE ONLY public.django_content_type
    ADD CONSTRAINT django_content_type_pkey PRIMARY KEY (id);


--
-- Name: django_migrations django_migrations_pkey; Type: CONSTRAINT; Schema: public; Owner: postgres
--

ALTER TABLE ONLY public.django_migrations
    ADD CONSTRAINT django_migrations_pkey PRIMARY KEY (id);


--
-- Name: django_session django_session_pkey; Type: CONSTRAINT; Schema: public; Owner: postgres
--

ALTER TABLE ONLY public.django_session
    ADD CONSTRAINT django_session_pkey PRIMARY KEY (session_key);


--
-- Name: view_backbone_fps_measurements view_backbone_fps_measur_backbone_id_fpsmeasureme_8fa147ef_uniq; Type: CONSTRAINT; Schema: public; Owner: postgres
--

ALTER TABLE ONLY public.view_backbone_fps_measurements
    ADD CONSTRAINT view_backbone_fps_measur_backbone_id_fpsmeasureme_8fa147ef_uniq UNIQUE (backbone_id, fpsmeasurement_id);


--
-- Name: view_backbone_fps_measurements view_backbone_fps_measurements_pkey; Type: CONSTRAINT; Schema: public; Owner: postgres
--

ALTER TABLE ONLY public.view_backbone_fps_measurements
    ADD CONSTRAINT view_backbone_fps_measurements_pkey PRIMARY KEY (id);


--
-- Name: view_backbone view_backbone_pkey; Type: CONSTRAINT; Schema: public; Owner: postgres
--

ALTER TABLE ONLY public.view_backbone
    ADD CONSTRAINT view_backbone_pkey PRIMARY KEY (id);


--
-- Name: view_backbonefamily view_backbonefamily_pkey; Type: CONSTRAINT; Schema: public; Owner: postgres
--

ALTER TABLE ONLY public.view_backbonefamily
    ADD CONSTRAINT view_backbonefamily_pkey PRIMARY KEY (id);


--
-- Name: view_classificationresult view_classificationresult_pkey; Type: CONSTRAINT; Schema: public; Owner: postgres
--

ALTER TABLE ONLY public.view_classificationresult
    ADD CONSTRAINT view_classificationresult_pkey PRIMARY KEY (id);


--
-- Name: view_dataset view_dataset_pkey; Type: CONSTRAINT; Schema: public; Owner: postgres
--

ALTER TABLE ONLY public.view_dataset
    ADD CONSTRAINT view_dataset_pkey PRIMARY KEY (id);


--
-- Name: view_dataset_tasks view_dataset_tasks_dataset_id_task_id_631468d8_uniq; Type: CONSTRAINT; Schema: public; Owner: postgres
--

ALTER TABLE ONLY public.view_dataset_tasks
    ADD CONSTRAINT view_dataset_tasks_dataset_id_task_id_631468d8_uniq UNIQUE (dataset_id, task_id);


--
-- Name: view_dataset_tasks view_dataset_tasks_pkey; Type: CONSTRAINT; Schema: public; Owner: postgres
--

ALTER TABLE ONLY public.view_dataset_tasks
    ADD CONSTRAINT view_dataset_tasks_pkey PRIMARY KEY (id);


--
-- Name: view_downstreamhead view_downstreamhead_pkey; Type: CONSTRAINT; Schema: public; Owner: postgres
--

ALTER TABLE ONLY public.view_downstreamhead
    ADD CONSTRAINT view_downstreamhead_pkey PRIMARY KEY (id);


--
-- Name: view_downstreamhead_tasks view_downstreamhead_task_downstreamhead_id_task_i_56ad93c6_uniq; Type: CONSTRAINT; Schema: public; Owner: postgres
--

ALTER TABLE ONLY public.view_downstreamhead_tasks
    ADD CONSTRAINT view_downstreamhead_task_downstreamhead_id_task_i_56ad93c6_uniq UNIQUE (downstreamhead_id, task_id);


--
-- Name: view_downstreamhead_tasks view_downstreamhead_tasks_pkey; Type: CONSTRAINT; Schema: public; Owner: postgres
--

ALTER TABLE ONLY public.view_downstreamhead_tasks
    ADD CONSTRAINT view_downstreamhead_tasks_pkey PRIMARY KEY (id);


--
-- Name: view_fpsmeasurement view_fpsmeasurement_pkey; Type: CONSTRAINT; Schema: public; Owner: postgres
--

ALTER TABLE ONLY public.view_fpsmeasurement
    ADD CONSTRAINT view_fpsmeasurement_pkey PRIMARY KEY (id);


--
-- Name: view_instanceresult_fps_measurements view_instanceresult_fps__instanceresult_id_fpsmea_da4f0ee9_uniq; Type: CONSTRAINT; Schema: public; Owner: postgres
--

ALTER TABLE ONLY public.view_instanceresult_fps_measurements
    ADD CONSTRAINT view_instanceresult_fps__instanceresult_id_fpsmea_da4f0ee9_uniq UNIQUE (instanceresult_id, fpsmeasurement_id);


--
-- Name: view_instanceresult_fps_measurements view_instanceresult_fps_measurements_pkey; Type: CONSTRAINT; Schema: public; Owner: postgres
--

ALTER TABLE ONLY public.view_instanceresult_fps_measurements
    ADD CONSTRAINT view_instanceresult_fps_measurements_pkey PRIMARY KEY (id);


--
-- Name: view_instanceresult view_instanceresult_pkey; Type: CONSTRAINT; Schema: public; Owner: postgres
--

ALTER TABLE ONLY public.view_instanceresult
    ADD CONSTRAINT view_instanceresult_pkey PRIMARY KEY (id);


--
-- Name: view_pretrainedbackbone_classification_results view_pretrainedbackbone__pretrainedbackbone_id_cl_c1f609d8_uniq; Type: CONSTRAINT; Schema: public; Owner: postgres
--

ALTER TABLE ONLY public.view_pretrainedbackbone_classification_results
    ADD CONSTRAINT view_pretrainedbackbone__pretrainedbackbone_id_cl_c1f609d8_uniq UNIQUE (pretrainedbackbone_id, classificationresult_id);


--
-- Name: view_pretrainedbackbone_instance_results view_pretrainedbackbone__pretrainedbackbone_id_in_a4375fae_uniq; Type: CONSTRAINT; Schema: public; Owner: postgres
--

ALTER TABLE ONLY public.view_pretrainedbackbone_instance_results
    ADD CONSTRAINT view_pretrainedbackbone__pretrainedbackbone_id_in_a4375fae_uniq UNIQUE (pretrainedbackbone_id, instanceresult_id);


--
-- Name: view_pretrainedbackbone_classification_results view_pretrainedbackbone_classification_results_pkey; Type: CONSTRAINT; Schema: public; Owner: postgres
--

ALTER TABLE ONLY public.view_pretrainedbackbone_classification_results
    ADD CONSTRAINT view_pretrainedbackbone_classification_results_pkey PRIMARY KEY (id);


--
-- Name: view_pretrainedbackbone_instance_results view_pretrainedbackbone_instance_results_pkey; Type: CONSTRAINT; Schema: public; Owner: postgres
--

ALTER TABLE ONLY public.view_pretrainedbackbone_instance_results
    ADD CONSTRAINT view_pretrainedbackbone_instance_results_pkey PRIMARY KEY (id);


--
-- Name: view_pretrainedbackbone view_pretrainedbackbone_pkey; Type: CONSTRAINT; Schema: public; Owner: postgres
--

ALTER TABLE ONLY public.view_pretrainedbackbone
    ADD CONSTRAINT view_pretrainedbackbone_pkey PRIMARY KEY (id);


--
-- Name: view_task view_task_pkey; Type: CONSTRAINT; Schema: public; Owner: postgres
--

ALTER TABLE ONLY public.view_task
    ADD CONSTRAINT view_task_pkey PRIMARY KEY (id);


--
-- Name: auth_group_name_a6ea08ec_like; Type: INDEX; Schema: public; Owner: postgres
--

CREATE INDEX auth_group_name_a6ea08ec_like ON public.auth_group USING btree (name varchar_pattern_ops);


--
-- Name: auth_group_permissions_group_id_b120cbf9; Type: INDEX; Schema: public; Owner: postgres
--

CREATE INDEX auth_group_permissions_group_id_b120cbf9 ON public.auth_group_permissions USING btree (group_id);


--
-- Name: auth_group_permissions_permission_id_84c5c92e; Type: INDEX; Schema: public; Owner: postgres
--

CREATE INDEX auth_group_permissions_permission_id_84c5c92e ON public.auth_group_permissions USING btree (permission_id);


--
-- Name: auth_permission_content_type_id_2f476e4b; Type: INDEX; Schema: public; Owner: postgres
--

CREATE INDEX auth_permission_content_type_id_2f476e4b ON public.auth_permission USING btree (content_type_id);


--
-- Name: auth_user_groups_group_id_97559544; Type: INDEX; Schema: public; Owner: postgres
--

CREATE INDEX auth_user_groups_group_id_97559544 ON public.auth_user_groups USING btree (group_id);


--
-- Name: auth_user_groups_user_id_6a12ed8b; Type: INDEX; Schema: public; Owner: postgres
--

CREATE INDEX auth_user_groups_user_id_6a12ed8b ON public.auth_user_groups USING btree (user_id);


--
-- Name: auth_user_user_permissions_permission_id_1fbb5f2c; Type: INDEX; Schema: public; Owner: postgres
--

CREATE INDEX auth_user_user_permissions_permission_id_1fbb5f2c ON public.auth_user_user_permissions USING btree (permission_id);


--
-- Name: auth_user_user_permissions_user_id_a95ead1b; Type: INDEX; Schema: public; Owner: postgres
--

CREATE INDEX auth_user_user_permissions_user_id_a95ead1b ON public.auth_user_user_permissions USING btree (user_id);


--
-- Name: auth_user_username_6821ab7c_like; Type: INDEX; Schema: public; Owner: postgres
--

CREATE INDEX auth_user_username_6821ab7c_like ON public.auth_user USING btree (username varchar_pattern_ops);


--
-- Name: django_admin_log_content_type_id_c4bce8eb; Type: INDEX; Schema: public; Owner: postgres
--

CREATE INDEX django_admin_log_content_type_id_c4bce8eb ON public.django_admin_log USING btree (content_type_id);


--
-- Name: django_admin_log_user_id_c564eba6; Type: INDEX; Schema: public; Owner: postgres
--

CREATE INDEX django_admin_log_user_id_c564eba6 ON public.django_admin_log USING btree (user_id);


--
-- Name: django_session_expire_date_a5c62663; Type: INDEX; Schema: public; Owner: postgres
--

CREATE INDEX django_session_expire_date_a5c62663 ON public.django_session USING btree (expire_date);


--
-- Name: django_session_session_key_c0390e0f_like; Type: INDEX; Schema: public; Owner: postgres
--

CREATE INDEX django_session_session_key_c0390e0f_like ON public.django_session USING btree (session_key varchar_pattern_ops);


--
-- Name: view_backbone_family_id_14b51651; Type: INDEX; Schema: public; Owner: postgres
--

CREATE INDEX view_backbone_family_id_14b51651 ON public.view_backbone USING btree (family_id);


--
-- Name: view_backbone_fps_measurements_backbone_id_600ac048; Type: INDEX; Schema: public; Owner: postgres
--

CREATE INDEX view_backbone_fps_measurements_backbone_id_600ac048 ON public.view_backbone_fps_measurements USING btree (backbone_id);


--
-- Name: view_backbone_fps_measurements_fpsmeasurement_id_b753b8fe; Type: INDEX; Schema: public; Owner: postgres
--

CREATE INDEX view_backbone_fps_measurements_fpsmeasurement_id_b753b8fe ON public.view_backbone_fps_measurements USING btree (fpsmeasurement_id);


--
-- Name: view_classificationresult_dataset_id_468fcb0d; Type: INDEX; Schema: public; Owner: postgres
--

CREATE INDEX view_classificationresult_dataset_id_468fcb0d ON public.view_classificationresult USING btree (dataset_id);


--
-- Name: view_classificationresult_fine_tune_dataset_id_e978ec5e; Type: INDEX; Schema: public; Owner: postgres
--

CREATE INDEX view_classificationresult_fine_tune_dataset_id_e978ec5e ON public.view_classificationresult USING btree (fine_tune_dataset_id);


--
-- Name: view_dataset_tasks_dataset_id_e86cc5f4; Type: INDEX; Schema: public; Owner: postgres
--

CREATE INDEX view_dataset_tasks_dataset_id_e86cc5f4 ON public.view_dataset_tasks USING btree (dataset_id);


--
-- Name: view_dataset_tasks_task_id_b4d343b8; Type: INDEX; Schema: public; Owner: postgres
--

CREATE INDEX view_dataset_tasks_task_id_b4d343b8 ON public.view_dataset_tasks USING btree (task_id);


--
-- Name: view_downstreamhead_tasks_downstreamhead_id_7d882565; Type: INDEX; Schema: public; Owner: postgres
--

CREATE INDEX view_downstreamhead_tasks_downstreamhead_id_7d882565 ON public.view_downstreamhead_tasks USING btree (downstreamhead_id);


--
-- Name: view_downstreamhead_tasks_task_id_bee4481e; Type: INDEX; Schema: public; Owner: postgres
--

CREATE INDEX view_downstreamhead_tasks_task_id_bee4481e ON public.view_downstreamhead_tasks USING btree (task_id);


--
-- Name: view_instanceresult_dataset_id_5b73b6d5; Type: INDEX; Schema: public; Owner: postgres
--

CREATE INDEX view_instanceresult_dataset_id_5b73b6d5 ON public.view_instanceresult USING btree (dataset_id);


--
-- Name: view_instanceresult_fps_measurements_fpsmeasurement_id_02e772df; Type: INDEX; Schema: public; Owner: postgres
--

CREATE INDEX view_instanceresult_fps_measurements_fpsmeasurement_id_02e772df ON public.view_instanceresult_fps_measurements USING btree (fpsmeasurement_id);


--
-- Name: view_instanceresult_fps_measurements_instanceresult_id_45de1c21; Type: INDEX; Schema: public; Owner: postgres
--

CREATE INDEX view_instanceresult_fps_measurements_instanceresult_id_45de1c21 ON public.view_instanceresult_fps_measurements USING btree (instanceresult_id);


--
-- Name: view_instanceresult_head_id_4508946f; Type: INDEX; Schema: public; Owner: postgres
--

CREATE INDEX view_instanceresult_head_id_4508946f ON public.view_instanceresult USING btree (head_id);


--
-- Name: view_instanceresult_instance_type_id_711d6ccd; Type: INDEX; Schema: public; Owner: postgres
--

CREATE INDEX view_instanceresult_instance_type_id_711d6ccd ON public.view_instanceresult USING btree (instance_type_id);


--
-- Name: view_instanceresult_train_dataset_id_9b802207; Type: INDEX; Schema: public; Owner: postgres
--

CREATE INDEX view_instanceresult_train_dataset_id_9b802207 ON public.view_instanceresult USING btree (train_dataset_id);


--
-- Name: view_pretrainedbackbone_backbone_id_ae827d72; Type: INDEX; Schema: public; Owner: postgres
--

CREATE INDEX view_pretrainedbackbone_backbone_id_ae827d72 ON public.view_pretrainedbackbone USING btree (backbone_id);


--
-- Name: view_pretrainedbackbone_cl_classificationresult_id_7b00e17a; Type: INDEX; Schema: public; Owner: postgres
--

CREATE INDEX view_pretrainedbackbone_cl_classificationresult_id_7b00e17a ON public.view_pretrainedbackbone_classification_results USING btree (classificationresult_id);


--
-- Name: view_pretrainedbackbone_cl_pretrainedbackbone_id_f7262cf1; Type: INDEX; Schema: public; Owner: postgres
--

CREATE INDEX view_pretrainedbackbone_cl_pretrainedbackbone_id_f7262cf1 ON public.view_pretrainedbackbone_classification_results USING btree (pretrainedbackbone_id);


--
-- Name: view_pretrainedbackbone_family_id_4ba8f358; Type: INDEX; Schema: public; Owner: postgres
--

CREATE INDEX view_pretrainedbackbone_family_id_4ba8f358 ON public.view_pretrainedbackbone USING btree (family_id);


--
-- Name: view_pretrainedbackbone_in_instanceresult_id_111af784; Type: INDEX; Schema: public; Owner: postgres
--

CREATE INDEX view_pretrainedbackbone_in_instanceresult_id_111af784 ON public.view_pretrainedbackbone_instance_results USING btree (instanceresult_id);


--
-- Name: view_pretrainedbackbone_in_pretrainedbackbone_id_1fda4e06; Type: INDEX; Schema: public; Owner: postgres
--

CREATE INDEX view_pretrainedbackbone_in_pretrainedbackbone_id_1fda4e06 ON public.view_pretrainedbackbone_instance_results USING btree (pretrainedbackbone_id);


--
-- Name: view_pretrainedbackbone_pretrain_dataset_id_e5407885; Type: INDEX; Schema: public; Owner: postgres
--

CREATE INDEX view_pretrainedbackbone_pretrain_dataset_id_e5407885 ON public.view_pretrainedbackbone USING btree (pretrain_dataset_id);


--
-- Name: auth_group_permissions auth_group_permissio_permission_id_84c5c92e_fk_auth_perm; Type: FK CONSTRAINT; Schema: public; Owner: postgres
--

ALTER TABLE ONLY public.auth_group_permissions
    ADD CONSTRAINT auth_group_permissio_permission_id_84c5c92e_fk_auth_perm FOREIGN KEY (permission_id) REFERENCES public.auth_permission(id) DEFERRABLE INITIALLY DEFERRED;


--
-- Name: auth_group_permissions auth_group_permissions_group_id_b120cbf9_fk_auth_group_id; Type: FK CONSTRAINT; Schema: public; Owner: postgres
--

ALTER TABLE ONLY public.auth_group_permissions
    ADD CONSTRAINT auth_group_permissions_group_id_b120cbf9_fk_auth_group_id FOREIGN KEY (group_id) REFERENCES public.auth_group(id) DEFERRABLE INITIALLY DEFERRED;


--
-- Name: auth_permission auth_permission_content_type_id_2f476e4b_fk_django_co; Type: FK CONSTRAINT; Schema: public; Owner: postgres
--

ALTER TABLE ONLY public.auth_permission
    ADD CONSTRAINT auth_permission_content_type_id_2f476e4b_fk_django_co FOREIGN KEY (content_type_id) REFERENCES public.django_content_type(id) DEFERRABLE INITIALLY DEFERRED;


--
-- Name: auth_user_groups auth_user_groups_group_id_97559544_fk_auth_group_id; Type: FK CONSTRAINT; Schema: public; Owner: postgres
--

ALTER TABLE ONLY public.auth_user_groups
    ADD CONSTRAINT auth_user_groups_group_id_97559544_fk_auth_group_id FOREIGN KEY (group_id) REFERENCES public.auth_group(id) DEFERRABLE INITIALLY DEFERRED;


--
-- Name: auth_user_groups auth_user_groups_user_id_6a12ed8b_fk_auth_user_id; Type: FK CONSTRAINT; Schema: public; Owner: postgres
--

ALTER TABLE ONLY public.auth_user_groups
    ADD CONSTRAINT auth_user_groups_user_id_6a12ed8b_fk_auth_user_id FOREIGN KEY (user_id) REFERENCES public.auth_user(id) DEFERRABLE INITIALLY DEFERRED;


--
-- Name: auth_user_user_permissions auth_user_user_permi_permission_id_1fbb5f2c_fk_auth_perm; Type: FK CONSTRAINT; Schema: public; Owner: postgres
--

ALTER TABLE ONLY public.auth_user_user_permissions
    ADD CONSTRAINT auth_user_user_permi_permission_id_1fbb5f2c_fk_auth_perm FOREIGN KEY (permission_id) REFERENCES public.auth_permission(id) DEFERRABLE INITIALLY DEFERRED;


--
-- Name: auth_user_user_permissions auth_user_user_permissions_user_id_a95ead1b_fk_auth_user_id; Type: FK CONSTRAINT; Schema: public; Owner: postgres
--

ALTER TABLE ONLY public.auth_user_user_permissions
    ADD CONSTRAINT auth_user_user_permissions_user_id_a95ead1b_fk_auth_user_id FOREIGN KEY (user_id) REFERENCES public.auth_user(id) DEFERRABLE INITIALLY DEFERRED;


--
-- Name: django_admin_log django_admin_log_content_type_id_c4bce8eb_fk_django_co; Type: FK CONSTRAINT; Schema: public; Owner: postgres
--

ALTER TABLE ONLY public.django_admin_log
    ADD CONSTRAINT django_admin_log_content_type_id_c4bce8eb_fk_django_co FOREIGN KEY (content_type_id) REFERENCES public.django_content_type(id) DEFERRABLE INITIALLY DEFERRED;


--
-- Name: django_admin_log django_admin_log_user_id_c564eba6_fk_auth_user_id; Type: FK CONSTRAINT; Schema: public; Owner: postgres
--

ALTER TABLE ONLY public.django_admin_log
    ADD CONSTRAINT django_admin_log_user_id_c564eba6_fk_auth_user_id FOREIGN KEY (user_id) REFERENCES public.auth_user(id) DEFERRABLE INITIALLY DEFERRED;


--
-- Name: view_backbone view_backbone_family_id_14b51651_fk_view_backbonefamily_id; Type: FK CONSTRAINT; Schema: public; Owner: postgres
--

ALTER TABLE ONLY public.view_backbone
    ADD CONSTRAINT view_backbone_family_id_14b51651_fk_view_backbonefamily_id FOREIGN KEY (family_id) REFERENCES public.view_backbonefamily(id) DEFERRABLE INITIALLY DEFERRED;


--
-- Name: view_backbone_fps_measurements view_backbone_fps_me_backbone_id_600ac048_fk_view_back; Type: FK CONSTRAINT; Schema: public; Owner: postgres
--

ALTER TABLE ONLY public.view_backbone_fps_measurements
    ADD CONSTRAINT view_backbone_fps_me_backbone_id_600ac048_fk_view_back FOREIGN KEY (backbone_id) REFERENCES public.view_backbone(id) DEFERRABLE INITIALLY DEFERRED;


--
-- Name: view_backbone_fps_measurements view_backbone_fps_me_fpsmeasurement_id_b753b8fe_fk_view_fpsm; Type: FK CONSTRAINT; Schema: public; Owner: postgres
--

ALTER TABLE ONLY public.view_backbone_fps_measurements
    ADD CONSTRAINT view_backbone_fps_me_fpsmeasurement_id_b753b8fe_fk_view_fpsm FOREIGN KEY (fpsmeasurement_id) REFERENCES public.view_fpsmeasurement(id) DEFERRABLE INITIALLY DEFERRED;


--
-- Name: view_classificationresult view_classificationr_dataset_id_468fcb0d_fk_view_data; Type: FK CONSTRAINT; Schema: public; Owner: postgres
--

ALTER TABLE ONLY public.view_classificationresult
    ADD CONSTRAINT view_classificationr_dataset_id_468fcb0d_fk_view_data FOREIGN KEY (dataset_id) REFERENCES public.view_dataset(id) DEFERRABLE INITIALLY DEFERRED;


--
-- Name: view_classificationresult view_classificationr_fine_tune_dataset_id_e978ec5e_fk_view_data; Type: FK CONSTRAINT; Schema: public; Owner: postgres
--

ALTER TABLE ONLY public.view_classificationresult
    ADD CONSTRAINT view_classificationr_fine_tune_dataset_id_e978ec5e_fk_view_data FOREIGN KEY (fine_tune_dataset_id) REFERENCES public.view_dataset(id) DEFERRABLE INITIALLY DEFERRED;


--
-- Name: view_dataset_tasks view_dataset_tasks_dataset_id_e86cc5f4_fk_view_dataset_id; Type: FK CONSTRAINT; Schema: public; Owner: postgres
--

ALTER TABLE ONLY public.view_dataset_tasks
    ADD CONSTRAINT view_dataset_tasks_dataset_id_e86cc5f4_fk_view_dataset_id FOREIGN KEY (dataset_id) REFERENCES public.view_dataset(id) DEFERRABLE INITIALLY DEFERRED;


--
-- Name: view_dataset_tasks view_dataset_tasks_task_id_b4d343b8_fk_view_task_id; Type: FK CONSTRAINT; Schema: public; Owner: postgres
--

ALTER TABLE ONLY public.view_dataset_tasks
    ADD CONSTRAINT view_dataset_tasks_task_id_b4d343b8_fk_view_task_id FOREIGN KEY (task_id) REFERENCES public.view_task(id) DEFERRABLE INITIALLY DEFERRED;


--
-- Name: view_downstreamhead_tasks view_downstreamhead__downstreamhead_id_7d882565_fk_view_down; Type: FK CONSTRAINT; Schema: public; Owner: postgres
--

ALTER TABLE ONLY public.view_downstreamhead_tasks
    ADD CONSTRAINT view_downstreamhead__downstreamhead_id_7d882565_fk_view_down FOREIGN KEY (downstreamhead_id) REFERENCES public.view_downstreamhead(id) DEFERRABLE INITIALLY DEFERRED;


--
-- Name: view_downstreamhead_tasks view_downstreamhead_tasks_task_id_bee4481e_fk_view_task_id; Type: FK CONSTRAINT; Schema: public; Owner: postgres
--

ALTER TABLE ONLY public.view_downstreamhead_tasks
    ADD CONSTRAINT view_downstreamhead_tasks_task_id_bee4481e_fk_view_task_id FOREIGN KEY (task_id) REFERENCES public.view_task(id) DEFERRABLE INITIALLY DEFERRED;


--
-- Name: view_instanceresult_fps_measurements view_instanceresult__fpsmeasurement_id_02e772df_fk_view_fpsm; Type: FK CONSTRAINT; Schema: public; Owner: postgres
--

ALTER TABLE ONLY public.view_instanceresult_fps_measurements
    ADD CONSTRAINT view_instanceresult__fpsmeasurement_id_02e772df_fk_view_fpsm FOREIGN KEY (fpsmeasurement_id) REFERENCES public.view_fpsmeasurement(id) DEFERRABLE INITIALLY DEFERRED;


--
-- Name: view_instanceresult_fps_measurements view_instanceresult__instanceresult_id_45de1c21_fk_view_inst; Type: FK CONSTRAINT; Schema: public; Owner: postgres
--

ALTER TABLE ONLY public.view_instanceresult_fps_measurements
    ADD CONSTRAINT view_instanceresult__instanceresult_id_45de1c21_fk_view_inst FOREIGN KEY (instanceresult_id) REFERENCES public.view_instanceresult(id) DEFERRABLE INITIALLY DEFERRED;


--
-- Name: view_instanceresult view_instanceresult_dataset_id_5b73b6d5_fk_view_dataset_id; Type: FK CONSTRAINT; Schema: public; Owner: postgres
--

ALTER TABLE ONLY public.view_instanceresult
    ADD CONSTRAINT view_instanceresult_dataset_id_5b73b6d5_fk_view_dataset_id FOREIGN KEY (dataset_id) REFERENCES public.view_dataset(id) DEFERRABLE INITIALLY DEFERRED;


--
-- Name: view_instanceresult view_instanceresult_head_id_4508946f_fk_view_downstreamhead_id; Type: FK CONSTRAINT; Schema: public; Owner: postgres
--

ALTER TABLE ONLY public.view_instanceresult
    ADD CONSTRAINT view_instanceresult_head_id_4508946f_fk_view_downstreamhead_id FOREIGN KEY (head_id) REFERENCES public.view_downstreamhead(id) DEFERRABLE INITIALLY DEFERRED;


--
-- Name: view_instanceresult view_instanceresult_instance_type_id_711d6ccd_fk_view_task_id; Type: FK CONSTRAINT; Schema: public; Owner: postgres
--

ALTER TABLE ONLY public.view_instanceresult
    ADD CONSTRAINT view_instanceresult_instance_type_id_711d6ccd_fk_view_task_id FOREIGN KEY (instance_type_id) REFERENCES public.view_task(id) DEFERRABLE INITIALLY DEFERRED;


--
-- Name: view_instanceresult view_instanceresult_train_dataset_id_9b802207_fk_view_data; Type: FK CONSTRAINT; Schema: public; Owner: postgres
--

ALTER TABLE ONLY public.view_instanceresult
    ADD CONSTRAINT view_instanceresult_train_dataset_id_9b802207_fk_view_data FOREIGN KEY (train_dataset_id) REFERENCES public.view_dataset(id) DEFERRABLE INITIALLY DEFERRED;


--
-- Name: view_pretrainedbackbone view_pretrainedbackb_backbone_id_ae827d72_fk_view_back; Type: FK CONSTRAINT; Schema: public; Owner: postgres
--

ALTER TABLE ONLY public.view_pretrainedbackbone
    ADD CONSTRAINT view_pretrainedbackb_backbone_id_ae827d72_fk_view_back FOREIGN KEY (backbone_id) REFERENCES public.view_backbone(id) DEFERRABLE INITIALLY DEFERRED;


--
-- Name: view_pretrainedbackbone_classification_results view_pretrainedbackb_classificationresult_7b00e17a_fk_view_clas; Type: FK CONSTRAINT; Schema: public; Owner: postgres
--

ALTER TABLE ONLY public.view_pretrainedbackbone_classification_results
    ADD CONSTRAINT view_pretrainedbackb_classificationresult_7b00e17a_fk_view_clas FOREIGN KEY (classificationresult_id) REFERENCES public.view_classificationresult(id) DEFERRABLE INITIALLY DEFERRED;


--
-- Name: view_pretrainedbackbone view_pretrainedbackb_family_id_4ba8f358_fk_view_back; Type: FK CONSTRAINT; Schema: public; Owner: postgres
--

ALTER TABLE ONLY public.view_pretrainedbackbone
    ADD CONSTRAINT view_pretrainedbackb_family_id_4ba8f358_fk_view_back FOREIGN KEY (family_id) REFERENCES public.view_backbonefamily(id) DEFERRABLE INITIALLY DEFERRED;


--
-- Name: view_pretrainedbackbone_instance_results view_pretrainedbackb_instanceresult_id_111af784_fk_view_inst; Type: FK CONSTRAINT; Schema: public; Owner: postgres
--

ALTER TABLE ONLY public.view_pretrainedbackbone_instance_results
    ADD CONSTRAINT view_pretrainedbackb_instanceresult_id_111af784_fk_view_inst FOREIGN KEY (instanceresult_id) REFERENCES public.view_instanceresult(id) DEFERRABLE INITIALLY DEFERRED;


--
-- Name: view_pretrainedbackbone view_pretrainedbackb_pretrain_dataset_id_e5407885_fk_view_data; Type: FK CONSTRAINT; Schema: public; Owner: postgres
--

ALTER TABLE ONLY public.view_pretrainedbackbone
    ADD CONSTRAINT view_pretrainedbackb_pretrain_dataset_id_e5407885_fk_view_data FOREIGN KEY (pretrain_dataset_id) REFERENCES public.view_dataset(id) DEFERRABLE INITIALLY DEFERRED;


--
-- Name: view_pretrainedbackbone_instance_results view_pretrainedbackb_pretrainedbackbone_i_1fda4e06_fk_view_pret; Type: FK CONSTRAINT; Schema: public; Owner: postgres
--

ALTER TABLE ONLY public.view_pretrainedbackbone_instance_results
    ADD CONSTRAINT view_pretrainedbackb_pretrainedbackbone_i_1fda4e06_fk_view_pret FOREIGN KEY (pretrainedbackbone_id) REFERENCES public.view_pretrainedbackbone(id) DEFERRABLE INITIALLY DEFERRED;


--
-- Name: view_pretrainedbackbone_classification_results view_pretrainedbackb_pretrainedbackbone_i_f7262cf1_fk_view_pret; Type: FK CONSTRAINT; Schema: public; Owner: postgres
--

ALTER TABLE ONLY public.view_pretrainedbackbone_classification_results
    ADD CONSTRAINT view_pretrainedbackb_pretrainedbackbone_i_f7262cf1_fk_view_pret FOREIGN KEY (pretrainedbackbone_id) REFERENCES public.view_pretrainedbackbone(id) DEFERRABLE INITIALLY DEFERRED;


--
-- PostgreSQL database dump complete
--

